Workbook
Name average: '[1]Sub Contact'!#REF!
Name IP_PBX: #REF!
Name OLE_LINK1: #REF!
Name Type: #REF!
Name ตารางวางบิล2: #REF!

Sheet ภาพรวม
A1: โครงการเพิ่มประสิทธิภาพระบบโครงข่ายสื่อสารด้วยอุปกรณ์ทวนสัญญาณผ่านคลื่นความถี่สูง (SHF)
A2: เพื่อสนับสนุนการปฏิบัติราชการและแก้ไขปัญหาให้กับประชาชนพื้นที่ห่างไกล สัญญาเลขที่ 8680228 ลงวันที่ 23 กรกฎาคม 2568
A4: สรุปภาพรวมแผนงานการติดตั้งเสาสัญญาณระบบวิทยุสื่อสาร ในพื้นที่ 10 จังหวัด | S4: 31 มี.ค. 69
A5: ลำดับ | B5: พื้นที่ภาค | C5: เสาสัญญาณระบบวิทยุสื่อสาร | H5: การดำเนินงานติดตั้งเสาสัญญาณระบบวิทยุสื่อสาร
C6: 60 เมตร | D6: เสารับ-ส่งสัญญาณ | G6: จำนวนทั้งสิ้น | H6: 60 เมตร | K6: เสารับ-ส่งสัญญาณ
K7: 9 เมตร | N7: 18 เมตร | Q7: 30 เมตร
D8: 9 เมตร | E8: 18 เมตร | F8: 30 เมตร | H8: อยู่ระหว่างการติดตั้ง | I8: เสร็จแล้ว | J8: คงเหลือ | K8: อยู่ระหว่างการติดตั้ง | L8: เสร็จแล้ว | M8: คงเหลือ | N8: อยู่ระหว่างการติดตั้ง | O8: เสร็จแล้ว | P8: คงเหลือ | Q8: อยู่ระหว่างการติดตั้ง | R8: เสร็จแล้ว | S8: คงเหลือ
A9: 1 | B9: กำแพงเพชร | C9: 2 | D9: 15 | E9: 1 | F9: 0 | G9: =C9+D9+E9+F9 -> 18 | H9: 0 | I9: 2 | J9: =C9-H9-I9 -> 0 | K9: 0 | L9: 15 | M9: =D9-K9-L9 -> 0 | N9: 0 | O9: 1 | P9: =E9-N9-O9 -> 0 | Q9: 0 | R9: 0 | S9: =F9-Q9-R9 -> 0
A10: 2 | B10: นครสวรรค์ | C10: 0 | D10: 5 | E10: 0 | F10: 0 | G10: =C10+D10+E10+F10 -> 5 | H10: 0 | I10: 0 | J10: =C10-H10-I10 -> 0 | K10: 5 | L10: 0 | M10: =D10-K10-L10 -> 0 | N10: 0 | O10: 0 | P10: =E10-N10-O10 -> 0 | Q10: 0 | R10: 0 | S10: =F10-Q10-R10 -> 0
A11: 3 | B11: พิจิตร | C11: 2 | D11: 4 | E11: 0 | F11: 0 | G11: =C11+D11+E11+F11 -> 6 | H11: 0 | I11: 2 | J11: =C11-H11-I11 -> 0 | K11: 0 | L11: 4 | M11: =D11-K11-L11 -> 0 | N11: 0 | O11: 0 | P11: =E11-N11-O11 -> 0 | Q11: 0 | R11: 0 | S11: =F11-Q11-R11 -> 0
A12: 4 | B12: เพชรบูรณ์ | C12: 0 | D12: 20 | E12: 1 | F12: 1 | G12: =C12+D12+E12+F12 -> 22 | H12: 0 | I12: 0 | J12: =C12-H12-I12 -> 0 | K12: 0 | L12: 20 | M12: =D12-K12-L12 -> 0 | N12: 0 | O12: 1 | P12: =E12-N12-O12 -> 0 | Q12: 0 | R12: 1 | S12: =F12-Q12-R12 -> 0
A13: 5 | B13: ขอนแก่น | C13: 2 | D13: 26 | E13: 1 | F13: 0 | G13: =C13+D13+E13+F13 -> 29 | H13: 0 | I13: 2 | J13: =C13-H13-I13 -> 0 | K13: 0 | L13: 26 | M13: =D13-K13-L13 -> 0 | N13: 0 | O13: 1 | P13: =E13-N13-O13 -> 0 | Q13: 0 | R13: 0 | S13: =F13-Q13-R13 -> 0
A14: 6 | B14: นครราชสีมา | C14: 2 | D14: 22 | E14: 2 | F14: 0 | G14: =C14+D14+E14+F14 -> 26 | H14: 0 | I14: 2 | J14: =C14-H14-I14 -> 0 | K14: 0 | L14: 22 | M14: =D14-K14-L14 -> 0 | N14: 0 | O14: 2 | P14: =E14-N14-O14 -> 0 | Q14: 0 | R14: 0 | S14: =F14-Q14-R14 -> 0
A15: 7 | B15: จันทบุรี | C15: 2 | D15: 14 | E15: 2 | F15: 0 | G15: =C15+D15+E15+F15 -> 18 | H15: 0 | I15: 2 | J15: =C15-H15-I15 -> 0 | K15: 0 | L15: 14 | M15: =D15-K15-L15 -> 0 | N15: 0 | O15: 2 | P15: =E15-N15-O15 -> 0 | Q15: 0 | R15: 0 | S15: =F15-Q15-R15 -> 0
A16: 8 | B16: กาญจนบุรี | C16: 2 | D16: 29 | E16: 1 | F16: 0 | G16: =C16+D16+E16+F16 -> 32 | H16: 0 | I16: 2 | J16: =C16-H16-I16 -> 0 | K16: 0 | L16: 29 | M16: =D16-K16-L16 -> 0 | N16: 0 | O16: 1 | P16: =E16-N16-O16 -> 0 | Q16: 0 | R16: 0 | S16: =F16-Q16-R16 -> 0
A17: 9 | B17: ตรัง | C17: 2 | D17: 14 | E17: 1 | F17: 2 | G17: =C17+D17+E17+F17 -> 19 | H17: 1 | I17: 1 | J17: =C17-H17-I17 -> 0 | K17: 0 | L17: 13 | M17: =D17-K17-L17 -> 1 | N17: 0 | O17: 1 | P17: =E17-N17-O17 -> 0 | Q17: 0 | R17: 2 | S17: =F17-Q17-R17 -> 0
A18: 10 | B18: นครศรีธรรมราช | C18: 2 | D18: 20 | E18: 0 | F18: 0 | G18: =C18+D18+E18+F18 -> 22 | H18: 0 | I18: 1 | J18: =C18-H18-I18 -> 1 | K18: 16 | L18: 4 | M18: =D18-K18-L18 -> 0 | N18: 0 | O18: 0 | P18: =E18-N18-O18 -> 0 | Q18: 0 | R18: 0 | S18: =F18-Q18-R18 -> 0
A19: รวม | C19: =SUM(C9:C18) -> 16 | D19: =SUM(D9:D18) -> 169 | E19: =SUM(E9:E18) -> 9 | F19: =SUM(F9:F18) -> 3 | G19: =SUM(G9:G18) -> 197 | H19: =SUM(H9:H18) -> 1 | I19: =SUM(I9:I18) -> 14 | J19: =SUM(J9:J18) -> 1 | ... S19: =SUM(S9:S18) -> 0
B21: สรุป | C21: ความสูงเสาสัญญาณระบบวิทยุสื่อสาร | N21: เสาสูง 60 ม | O21: 16 | P21: 14 | Q21: =P21/O21 -> 0.875 | R21: เสร็จ
B22: สถานที่ติดตั้ง | C22: 60 เมตร | D22: 9 เมตร | E22: 18 เมตร | F22: 30 เมตร | P22: =J19 -> 1 | Q22: =P22/O21 -> 0.0625 | R22: ยังไม่ได้ติดตั้ง
B23: ที่ว่าการอำเภอ | C23: 8 | D23: =IF( COUNTIFS('เสา 9,18,30'!$H$10:$H$189, B23, 'เสา 9,18,30'!$M$10:$M$189, "9")=0, "", COUNTIFS('เสา 9,18,30'!$H$10:$H$189, B23, 'เสา 9,18,30'!$M$10:$M$189, "9") ) | E23: =IF( COUNTIFS('เสา 9,18,30'!$H$10:$H$189, B23, 'เสา 9,18,30'!$M$10:$M$189, "18")=0, "", COUNTIFS('เสา 9,18,30'!$H$10:$H$189, B23, 'เสา 9,18,30'!$M$10:$M$189, "18") ) | F23: =IF( COUNTIFS('เสา 9,18,30'!$H$10:$H$189,B23, 'เสา 9,18,30'!$M$10:$M$189,"30")=0, "", COUNTIFS('เสา 9,18,30'!$H$10:$H$189,B23, 'เสา 9,18,30'!$M$10:$M$189,"30") ) | N23: เสาสูง 9, 18, 30 ม | O23: 181 | P23: =L19+O19+R19 -> 159 | Q23: =P23/O23 -> 0.87845304 | R23: เสร็จ
B24: อบต. | C24: =IF( SUM(COUNTIFS('เสา 60'!$H$10:$H$23,B24))=0, "", SUM(COUNTIFS('เสา 60'!$H$10:$H$23,B24)) ) -> 4 | D24: =IF( COUNTIFS('เสา 9,18,30'!$H$10:$H$189, B24, 'เสา 9,18,30'!$M$10:$M$189, "9")=0, "", COUNTIFS('เสา 9,18,30'!$H$10:$H$189, B24, 'เสา 9,18,30'!$M$10:$M$189, "9") ) | E24: =IF( COUNTIFS('เสา 9,18,30'!$H$10:$H$189, B24, 'เสา 9,18,30'!$M$10:$M$189, "18")=0, "", COUNTIFS('เสา 9,18,30'!$H$10:$H$189, B24, 'เสา 9,18,30'!$M$10:$M$189, "18") ) | F24: =IF( COUNTIFS('เสา 9,18,30'!$H$10:$H$189,B24, 'เสา 9,18,30'!$M$10:$M$189,"30")=0, "", COUNTIFS('เสา 9,18,30'!$H$10:$H$189,B24, 'เสา 9,18,30'!$M$10:$M$189,"30") ) | P24: =K19 -> 21 | Q24: =P24/O23 -> 0.1160221 | R24: กำลังติดตั้ง
B25: ทต. | C25: =IF( SUM(COUNTIFS('เสา 60'!$H$10:$H$23,B25))=0, "", SUM(COUNTIFS('เสา 60'!$H$10:$H$23,B25)) ) -> 1 | D25: =IF( COUNTIFS('เสา 9,18,30'!$H$10:$H$189, B25, 'เสา 9,18,30'!$M$10:$M$189, "9")=0, "", COUNTIFS('เสา 9,18,30'!$H$10:$H$189, B25, 'เสา 9,18,30'!$M$10:$M$189, "9") ) | F25: =IF( COUNTIFS('เสา 9,18,30'!$H$10:$H$189,B25, 'เสา 9,18,30'!$M$10:$M$189,"30")=0, "", COUNTIFS('เสา 9,18,30'!$H$10:$H$189,B25, 'เสา 9,18,30'!$M$10:$M$189,"30") ) | P25: =M19 -> 1 | Q25: =P25/O23 -> 0.0055248619 | R25: ยังไม่ได้ติดตั้ง
B26: ศาลาประชาคม | C26: =IF( SUM(COUNTIFS('เสา 60'!$H$10:$H$23,B26))=0, "", SUM(COUNTIFS('เสา 60'!$H$10:$H$23,B26)) ) -> 1 | D26: 8 | E26: =IF( COUNTIFS('เสา 9,18,30'!$H$10:$H$189, B26, 'เสา 9,18,30'!$M$10:$M$189, "18")=0, "", COUNTIFS('เสา 9,18,30'!$H$10:$H$189, B26, 'เสา 9,18,30'!$M$10:$M$189, "18") ) -> 3 | F26: =IF( COUNTIFS('เสา 9,18,30'!$H$10:$H$189,B26, 'เสา 9,18,30'!$M$10:$M$189,"30")=0, "", COUNTIFS('เสา 9,18,30'!$H$10:$H$189,B26, 'เสา 9,18,30'!$M$10:$M$189,"30") )
B27: ที่ทำการกองทุนหมู่บ้าน (กทบ.) | C27: =IF( SUM(COUNTIFS('เสา 60'!$H$10:$H$23,B27))=0, "", SUM(COUNTIFS('เสา 60'!$H$10:$H$23,B27)) ) -> 1 | D27: =IF( COUNTIFS('เสา 9,18,30'!$H$10:$H$189, B27, 'เสา 9,18,30'!$M$10:$M$189, "9")=0, "", COUNTIFS('เสา 9,18,30'!$H$10:$H$189, B27, 'เสา 9,18,30'!$M$10:$M$189, "9") ) | E27: =IF( COUNTIFS('เสา 9,18,30'!$H$10:$H$189, B27, 'เสา 9,18,30'!$M$10:$M$189, "18")=0, "", COUNTIFS('เสา 9,18,30'!$H$10:$H$189, B27, 'เสา 9,18,30'!$M$10:$M$189, "18") ) | F27: =IF( COUNTIFS('เสา 9,18,30'!$H$10:$H$189,B27, 'เสา 9,18,30'!$M$10:$M$189,"30")=0, "", COUNTIFS('เสา 9,18,30'!$H$10:$H$189,B27, 'เสา 9,18,30'!$M$10:$M$189,"30") ) | N27: เสาสูง 9, 18, 30, 60 ม | O27: =O21+O23 -> 197 | P27: =P21+P23 -> 173 | Q27: =P27/O27 -> 0.87817259 | R27: เสร็จ
B28: วัด | C28: 1 | P28: =P24 -> 21 | Q28: =P28/O27 -> 0.10659898 | R28: กำลังติดตั้ง
B29: ที่ทำการบ้าน กำนัน | C29: =IF( SUM(COUNTIFS('เสา 60'!$H$10:$H$23,B29))=0, "", SUM(COUNTIFS('เสา 60'!$H$10:$H$23,B29)) ) | D29: 9 | E29: =IF( COUNTIFS('เสา 9,18,30'!$H$10:$H$189, B29, 'เสา 9,18,30'!$M$10:$M$189, "18")=0, "", COUNTIFS('เสา 9,18,30'!$H$10:$H$189, B29, 'เสา 9,18,30'!$M$10:$M$189, "18") ) | F29: =IF( COUNTIFS('เสา 9,18,30'!$H$10:$H$189,B29, 'เสา 9,18,30'!$M$10:$M$189,"30")=0, "", COUNTIFS('เสา 9,18,30'!$H$10:$H$189,B29, 'เสา 9,18,30'!$M$10:$M$189,"30") ) | P29: =P22+P25 -> 2 | Q29: =P29/O27 -> 0.010152284 | R29: ยังไม่ได้ติดตั้ง
B30: ที่ทำการบ้านผู้ช่วย กำนัน | C30: =IF( SUM(COUNTIFS('เสา 60'!$H$10:$H$23,B30))=0, "", SUM(COUNTIFS('เสา 60'!$H$10:$H$23,B30)) ) | D30: =IF( COUNTIFS('เสา 9,18,30'!$H$10:$H$189, B30, 'เสา 9,18,30'!$M$10:$M$189, "9")=0, "", COUNTIFS('เสา 9,18,30'!$H$10:$H$189, B30, 'เสา 9,18,30'!$M$10:$M$189, "9") ) -> 1 | E30: =IF( COUNTIFS('เสา 9,18,30'!$H$10:$H$189, B30, 'เสา 9,18,30'!$M$10:$M$189, "18")=0, "", COUNTIFS('เสา 9,18,30'!$H$10:$H$189, B30, 'เสา 9,18,30'!$M$10:$M$189, "18") ) | F30: =IF( COUNTIFS('เสา 9,18,30'!$H$10:$H$189,B30, 'เสา 9,18,30'!$M$10:$M$189,"30")=0, "", COUNTIFS('เสา 9,18,30'!$H$10:$H$189,B30, 'เสา 9,18,30'!$M$10:$M$189,"30") )
B31: ที่ทำการสารวัตรกำนัน | C31: =IF( SUM(COUNTIFS('เสา 60'!$H$10:$H$23,B31))=0, "", SUM(COUNTIFS('เสา 60'!$H$10:$H$23,B31)) ) | D31: =IF( COUNTIFS('เสา 9,18,30'!$H$10:$H$189, B31, 'เสา 9,18,30'!$M$10:$M$189, "9")=0, "", COUNTIFS('เสา 9,18,30'!$H$10:$H$189, B31, 'เสา 9,18,30'!$M$10:$M$189, "9") ) -> 1 | E31: =IF( COUNTIFS('เสา 9,18,30'!$H$10:$H$189, B31, 'เสา 9,18,30'!$M$10:$M$189, "18")=0, "", COUNTIFS('เสา 9,18,30'!$H$10:$H$189, B31, 'เสา 9,18,30'!$M$10:$M$189, "18") ) | F31: =IF( COUNTIFS('เสา 9,18,30'!$H$10:$H$189,B31, 'เสา 9,18,30'!$M$10:$M$189,"30")=0, "", COUNTIFS('เสา 9,18,30'!$H$10:$H$189,B31, 'เสา 9,18,30'!$M$10:$M$189,"30") )
B32: ที่ทำการบ้าน ผญบ. | C32: =IF( SUM(COUNTIFS('เสา 60'!$H$10:$H$23,B32))=0, "", SUM(COUNTIFS('เสา 60'!$H$10:$H$23,B32)) ) | D32: 135 | E32: =IF( COUNTIFS('เสา 9,18,30'!$H$10:$H$189, B32, 'เสา 9,18,30'!$M$10:$M$189, "18")=0, "", COUNTIFS('เสา 9,18,30'!$H$10:$H$189, B32, 'เสา 9,18,30'!$M$10:$M$189, "18") ) -> 5 | F32: 3
B33: ที่ทำการบ้านผู้ช่วย ผญบ. | C33: =IF( SUM(COUNTIFS('เสา 60'!$H$10:$H$23,B33))=0, "", SUM(COUNTIFS('เสา 60'!$H$10:$H$23,B33)) ) | D33: 12 | E33: =IF( COUNTIFS('เสา 9,18,30'!$H$10:$H$189, B33, 'เสา 9,18,30'!$M$10:$M$189, "18")=0, "", COUNTIFS('เสา 9,18,30'!$H$10:$H$189, B33, 'เสา 9,18,30'!$M$10:$M$189, "18") ) -> 1 | F33: =IF( COUNTIFS('เสา 9,18,30'!$H$10:$H$189,B33, 'เสา 9,18,30'!$M$10:$M$189,"30")=0, "", COUNTIFS('เสา 9,18,30'!$H$10:$H$189,B33, 'เสา 9,18,30'!$M$10:$M$189,"30") )
B34: ศูนย์เรียนรู้ฯ | C34: =IF( SUM(COUNTIFS('เสา 60'!$H$10:$H$23,B34))=0, "", SUM(COUNTIFS('เสา 60'!$H$10:$H$23,B34)) ) | D34: =IF( COUNTIFS('เสา 9,18,30'!$H$10:$H$189, B34, 'เสา 9,18,30'!$M$10:$M$189, "9")=0, "", COUNTIFS('เสา 9,18,30'!$H$10:$H$189, B34, 'เสา 9,18,30'!$M$10:$M$189, "9") ) -> 1 | E34: =IF( COUNTIFS('เสา 9,18,30'!$H$10:$H$189, B34, 'เสา 9,18,30'!$M$10:$M$189, "18")=0, "", COUNTIFS('เสา 9,18,30'!$H$10:$H$189, B34, 'เสา 9,18,30'!$M$10:$M$189, "18") ) | F34: =IF( COUNTIFS('เสา 9,18,30'!$H$10:$H$189,B34, 'เสา 9,18,30'!$M$10:$M$189,"30")=0, "", COUNTIFS('เสา 9,18,30'!$H$10:$H$189,B34, 'เสา 9,18,30'!$M$10:$M$189,"30") )
B35: อบต. | D35: 1 | E35: =IF( COUNTIFS('เสา 9,18,30'!$H$10:$H$189, B35, 'เสา 9,18,30'!$M$10:$M$189, "18")=0, "", COUNTIFS('เสา 9,18,30'!$H$10:$H$189, B35, 'เสา 9,18,30'!$M$10:$M$189, "18") ) | F35: =IF( COUNTIFS('เสา 9,18,30'!$H$10:$H$189,B35, 'เสา 9,18,30'!$M$10:$M$189,"30")=0, "", COUNTIFS('เสา 9,18,30'!$H$10:$H$189,B35, 'เสา 9,18,30'!$M$10:$M$189,"30") )
B36: ยังไม่สามารถระบุสถานีที่ได้ | D36: 1 | E36: =IF( COUNTIFS('เสา 9,18,30'!$H$10:$H$189, B36, 'เสา 9,18,30'!$M$10:$M$189, "18")=0, "", COUNTIFS('เสา 9,18,30'!$H$10:$H$189, B36, 'เสา 9,18,30'!$M$10:$M$189, "18") ) | F36: =IF( COUNTIFS('เสา 9,18,30'!$H$10:$H$189,B36, 'เสา 9,18,30'!$M$10:$M$189,"30")=0, "", COUNTIFS('เสา 9,18,30'!$H$10:$H$189,B36, 'เสา 9,18,30'!$M$10:$M$189,"30") )
B37: รวม | C37: =SUM(C23:C34) -> 16 | D37: =SUM(D23:D36) -> 169 | E37: =SUM(E23:E34) -> 9 | F37: =SUM(F23:F34) -> 3 | G37: =SUM(C37:F37) -> 197

Sheet เสา 60
A1: โครงการเพิ่มประสิทธิภาพระบบโครงข่ายสื่อสารด้วยอุปกรณ์ทวนสัญญาณผ่านคลื่นความถี่สูง (SHF) เพื่อสนับสนุนการปฏิบัติราชการและแก้ไขปัญหาให้กับประชาชนในพื้นที่ห่างไกล สัญญาเลขที่ ๘๖๘๐๒๒๘
A2: ลงวันที่ ๒๓ กรกฎาคม ๒๕๖๘ | S2: 17 มี.ค. 69
A4: บัญชีรายชื่อสถานที่ติดตั้งเสาสัญญาณระบบวิทยุสื่อสาร
A5: ลำดับ | B5: สถานที่ติดตั้ง | C5: ตำบล | D5: อำเภอ | E5: จังหวัด | F5: เขตพื้นที่รับผิดชอบศูนย์สื่อสารกรมการปกครองเขต | G5: ภาค | H5: พื้นที่ | I5: ผู้รับเหมาเสา | J5: ชนิดของเสา | K5: ความสูงเสา (เมตร) | L5: Sea level (เมตร) | M5: Latitude | N5: Longitude | O5: ติดตั้งฐานรากและโครงสร้างเสาระบบวิทยุสื่อสาร
O6: ปฏิบัติ (เริ่ม) | P6: ปฏิบัติ (เสร็จ) | Q6: จำนวนแท่งกราวด์ | R6: ค่ากราวด์ <= 5 Ohm | S6: สถานะ
B7: =SUBTOTAL(3,B10:B23) -> 14 | C7: =SUBTOTAL(3,C10:C23) -> 14 | D7: =SUBTOTAL(3,D10:D23) -> 14 | E7: =SUBTOTAL(3,E10:E23) -> 14 | F7: =SUBTOTAL(3,F10:F23) -> 14 | G7: =SUBTOTAL(3,G10:G23) -> 14 | H7: =SUBTOTAL(3,H10:H23) -> 14 | I7: =SUBTOTAL(3,I10:I23) -> 14 | ... S7: =SUBTOTAL(3,S10:S23) -> 14
A8: 1 | B8: ที่ว่าการอำเภอคลองลาน | C8: คลองน้ำไหล | D8: คลองลาน | E8: กำแพงเพชร | F8: เขต 3 (ส่วนแยกตาก) | G8: ภาคเหนือ | H8: ที่ว่าการอำเภอ | I8: P&S | J8: Self-Support | K8: 60 | L8: 158 | M8: 16.204197 | N8: 99.321011 | O8: 244359 | P8: 244373 | Q8: 4 | S8: =IF(P8<>"", "Complete", IF(O8<>"", "In progress", "")) -> Complete
A9: 2 | B9: ที่ว่าการอำเภอดงเจริญ | C9: วังงิ้วภาคใต้ | D9: ดงเจริญ | E9: พิจิตร | F9: เขต 3 (พิษณุโลก) | G9: ภาคเหนือ | H9: ที่ว่าการอำเภอ | I9: P&S | J9: Self-Support | K9: 60 | L9: 55 | M9: 16.029156 | N9: 100.62781 | O9: 244359 | P9: 244374 | Q9: 4 | S9: =IF(P9<>"", "Complete", IF(O9<>"", "In progress", "")) -> Complete
A10: 3 | B10: ที่ว่าการอำเภอห้วยกระเจา | C10: ห้วยกระเจา | D10: ห้วยกระเจา | E10: กาญจนบุรี | F10: เขต 11 (เพชรบุรี) | G10: ภาคตะวันตก | H10: ที่ว่าการอำเภอ | I10: Myset | J10: Self-Support | K10: 60 | L10: 72 | M10: 14.326589 | N10: 99.667238 | O10: 244359 | P10: 244373 | Q10: 4 | S10: =IF(P10<>"", "Complete", IF(O10<>"", "In progress", "")) -> Complete
A11: 4 | B11: ที่ว่าการอำเภอเขาสวนกวาง | C11: คำม่วง | D11: เขาสวนกวาง | E11: ขอนแก่น | F11: เขต 6 (ขอนแก่น) | G11: ภาคตะวันออกเฉียงเหนือ | H11: ที่ว่าการอำเภอ | I11: Myset | J11: Self-Support | K11: 60 | L11: 186 | M11: 16.859712 | N11: 102.86091 | O11: 244359 | P11: 244373 | Q11: 4 | S11: =IF(P11<>"", "Complete", IF(O11<>"", "In progress", "")) -> Complete
A12: 5 | B12: ที่ว่าการอำเภอวังน้ำเขียว | C12: วังน้ำเขียว | D12: วังน้ำเขียว | E12: นครราชสีมา | F12: เขต 16 (บุรีรัมย์) | G12: ภาคตะวันออกเฉียงเหนือ | H12: ที่ว่าการอำเภอ | I12: Myset | J12: Self-Support | K12: 60 | L12: 417 | M12: 14.417371 | N12: 101.84991 | O12: 244359 | P12: 244373 | Q12: 4 | S12: =IF(P12<>"", "Complete", IF(O12<>"", "In progress", "")) -> Complete
A13: 6 | B13: ที่ว่าการอำเภอเขาคิชฌกูฏ | C13: พลวง | D13: เขาคิชฌกูฏ | E13: จันทบุรี | F13: เขต 5 (จันทบุรี) | G13: ภาคตะวันออก | H13: ที่ว่าการอำเภอ | I13: Myset | J13: Self-Support | K13: 60 | L13: 20 | M13: 12.80444 | N13: 102.11464 | O13: 244370 | P13: 244385 | S13: Complete
A14: 7 | B14: ที่ว่าการอำเภอย่านตาขาว | C14: ย่านตาขาว | D14: ย่านตาขาว | E14: ตรัง | F14: เขต 9 (ส่วนแยกนครศรีธรรมราช) | G14: ภาคใต้ | H14: ที่ว่าการอำเภอ | I14: P&S | J14: Self-Support | K14: 60 | L14: 23 | M14: 7.385692 | N14: 99.666228 | O14: 244359 | P14: 244373 | Q14: 4 | S14: =IF(P14<>"", "Complete", IF(O14<>"", "In progress", "")) -> Complete
A15: 8 | B15: ที่ว่าการอำเภอหัวไทร | C15: หัวไทร | D15: หัวไทร | E15: นครศรีธรรมราช | F15: เขต 9 (ส่วนแยกนครศรีธรรมราช) | G15: ภาคใต้ | H15: ที่ว่าการอำเภอ | I15: P&S | J15: Self-Support | K15: 60 | L15: 11 | M15: 8.04059 | N15: 100.27467 | O15: 244370 | P15: 244394 | S15: Complete
A16: 9 | B16: BS หนองนกแก้ว | C16: หนองนกแก้ว | D16: เลาขวัญ | E16: กาญจนบุรี | F16: เขต 11 (เพชรบุรี) | G16: ภาคตะวันตก | H16: อบต. | I16: Myset | J16: Self-Support | K16: 60 | L16: 72 | M16: 14.514783 | N16: 99.709059 | O16: 244359 | P16: 244373 | Q16: 4 | S16: =IF(P16<>"", "Complete", IF(O16<>"", "In progress", "")) -> Complete
A17: 10 | B17: BS ปางใหม่พัฒนา | C17: ปางตาไว | D17: ปางศิลาทอง | E17: กำแพงเพชร | F17: เขต 3 (ส่วนแยกตาก) | G17: ภาคเหนือ | H17: ที่ทำการกองทุนหมู่บ้าน (กทบ.) | I17: P&S | J17: Self-Support | K17: 60 | L17: 155 | M17: 15.993741 | N17: 99.364571 | O17: 244361 | P17: 244375 | Q17: 4 | S17: =IF(P17<>"", "Complete", IF(O17<>"", "In progress", "")) -> Complete
A18: 11 | B18: BS ศรีสุขสำราญ | C18: ศรีสุขสำราญ | D18: อุบลรัตน์ | E18: ขอนแก่น | F18: เขต 6 (ขอนแก่น) | G18: ภาคตะวันออกเฉียงเหนือ | H18: อบต. | I18: Myset | J18: Self-Support | K18: 60 | L18: 200 | M18: 16.919524 | N18: 102.72752 | O18: 244363 | P18: 244384 | S18: =IF(P18<>"", "Complete", IF(O18<>"", "In progress", "")) -> Complete
A19: 12 | B19: BS คลองพลู | C19: คลองพลู | D19: เขาคิชฌกูฎ | E19: จันทบุรี | F19: เขต 5 (จันทบุรี) | G19: ภาคตะวันออก | H19: ทต. | I19: Myset | J19: Self-Support | K19: 60 | L19: 43 | M19: 12.935094 | N19: 102.05857 | O19: 244359 | P19: 244374 | S19: =IF(P19<>"", "Complete", IF(O19<>"", "In progress", "")) -> Complete
A20: 13 | B20: BS คลองป่าหมู | C20: วังกะทะ | D20: ปากช่อง | E20: นครราชสีมา | F20: เขต 16 (บุรีรัมย์) | G20: ภาคตะวันออกเฉียงเหนือ | H20: ศาลาประชาคม | I20: Myset | J20: Self-Support | K20: 60 | L20: 426 | M20: 14.480402 | N20: 101.72657 | O20: 244361 | P20: 244374 | S20: =IF(P20<>"", "Complete", IF(O20<>"", "In progress", "")) -> Complete
A21: 14 | B21: BS วังงิ้ว | C21: วังงิ้ว | D21: ดงเจริญ | E21: พิจิตร | F21: เขต 3 (พิษณุโลก) | G21: ภาคเหนือ | H21: อบต. | I21: P&S | J21: Self-Support | K21: 60 | L21: 74 | M21: 16.016102 | N21: 100.732560 | O21: 13/1/2569 | P21: 244393 | S21: =IF(P21<>"", "Complete", IF(O21<>"", "In progress", "")) -> Complete
A22: 15 | B22: BS ช่อง | C22: ช่อง | D22: นาโยง | E22: ตรัง | F22: เขต 9 (ส่วนแยกนครศรีธรรมราช) | G22: ภาคใต้ | H22: อบต. | I22: P&S | J22: Self-Support | K22: 60 | L22: 55 | M22: 7.52427 | N22: 99.75881 | O22: 244425 | S22: =IF(P22<>"", "Complete", IF(O22<>"", "In progress", "")) -> In progress
A23: 16 | B23: BS วัดบางอุดม | C23: ขนาบนาก | D23: ปากพนัง | E23: นครศรีธรรมราช | F23: เขต 9 (ส่วนแยกนครศรีธรรมราช) | G23: ภาคใต้ | H23: วัด | I23: P&S | J23: Self-Support | K23: 60 | L23: 10 | M23: 8.20462 | N23: 100.25501 | S23: =IF(P23<>"", "Complete", IF(O23<>"", "In progress", ""))

Sheet เสา 9,18,30
A1: โครงการเพิ่มประสิทธิภาพระบบโครงข่ายสื่อสารด้วยอุปกรณ์ทวนสัญญาณผ่านคลื่นความถี่สูง (SHF) เพื่อสนับสนุนการปฏิบัติราชการและแก้ไขปัญหาให้กับประชาชนในพื้นที่ห่างไกล สัญญาเลขที่ 8680228 ลงวันที่ 23 กรกฎาคม 2568
AZ2: 31 มี.ค.69
A3: แผนการเข้าดำเนินงานสำรวจและติดตั้งเสาสัญญาณ ในพื้นที่ 10 จังหวัด
A5: ลำดับ | B5: สถานที่ติดตั้ง | C5: ตำบล | D5: อำเภอ | E5: จังหวัด | F5: เขตพื้นที่รับผิดชอบศูนย์สื่อสารกรมการปกครองเขต | G5: ภาค | H5: พื้นที่ | I5: พื้นที่ใหม่ | J5: วาระผู้ใหญ่บ้าน | K5: ผู้รับเหมาเสา | L5: ชนิดของเสา | M5: ความสูงเสา (เมตร) | N5: Sea level (เมตร) | O5: Latitude | P5: Longitude | Q5: สำรวจพื้นที่สำหรับติดตั้งเสาสัญญาณ | AD5: โครงสร้างเสาสัญญาณ | AU5: วาระดำรงตำแหน่ง (กพ) | AV5: ผญบ. หยุดปฏิบัติหน้าที่ | AW5: ไม่ต้องการมิเตอร์ | AX5: ติดตั้งฐานรากและโครงสร้างเสาระบบวิทยุสื่อสาร | BJ5: ส่งมอบงาน | BL5: รายละเอียดที่ต้องแก้ไขงาน | BM5: ผู้ควบคุมงาน
Q6: สำรวจจุดติดตั้ง | U6: ทดสอบดิน (Soil Test) | Y6: Detail Design Drawing | AC6: จัดส่งผลสำรวจดินและ แบบก่อสร้าง | AD6: แบบโครงสร้างเสาสัญญาณ | AG6: ตัวอย่างโครงสร้างเสาสัญญาณ | AJ6: ผลิตโครงสร้างเสาสัญญาณ | AN6: ติดตั้งฐานราก | BA6: ตรวจสอบความพร้อมก่อนส่งมอบงาน | BC6: Report | BD6: Red mark Drawing | BG6: As-Built Drawing
Q7: Plan | R7: Actual | S7: Status | T7: Report | U7: Plan | V7: Actual | W7: Status | X7: Report | Y7: Plan | Z7: Actual | AA7: Status | AB7: Report | AD7: ออกแบบโครงสร้างเสา | AE7: ส่งแบบขออนุมัติ | AF7: Status | AG7: ผลิตตัวอย่างโครงสร้างเสาเสร็จ | AH7: ตรวจสอบตัวอย่างโครงสร้างเสาโดยคณะกรรมการฯ | AI7: Status | AJ7: Plan | AK7: Actual | AL7: Status | AM7: เบิกโครงสร้างเสาสัญญาณ | AN7: Plan Start | AO7: Plan Finish | AP7: Actual Start | AQ7: Actual Finish | AR7: จำนวนแท่งกราวด์ | AS7: ค่ากราวด์ <= 5 Ohm | AT7: Status | AX7: ปฏิบัติ (เริ่ม) | AY7: ปฏิบัติ (เสร็จ) | AZ7: สถานะ | BA7: ตรวจสอบความตั้งตรง และค่าขันน็อต | BB7: ปรับระดับพื้นที่ก่อสร้างคืนสู่สภาพเดิม | BD7: Plan | BE7: Actual | BF7: Status | BG7: Plan | BH7: Actual | BI7: Status | BJ7: เอกสารประกอบการส่งมอบงาน | BK7: Status
A9: =SUBTOTAL(3,A10:A190) -> 20 | B9: =SUBTOTAL(3,B10:B190) -> 20 | C9: =SUBTOTAL(3,C10:C190) -> 20 | D9: =SUBTOTAL(3,D10:D190) -> 20 | E9: =SUBTOTAL(3,E10:E190) -> 20 | F9: =SUBTOTAL(3,F10:F190) -> 20 | G9: =SUBTOTAL(3,G10:G190) -> 20 | H9: =SUBTOTAL(3,H10:H190) -> 20 | ... BM9: =SUBTOTAL(3,BM10:BM190) -> 0
A10: 1 | B10: หมู่ 13 หนองจิกน้ำดำ | C10: ทุ่งกระบ่ำ | D10: เลาขวัญ | E10: กาญจนบุรี | F10: เขต 11 (เพชรบุรี) | G10: ภาคตะวันตก | H10: ที่ทำการบ้าน ผญบ. | J10: 5 ปี | K10: Myset | L10: New Self-Support | M10: 9 | N10: 114 | O10: 14.601033 | P10: 99.615861 | Q10: 15/09/2568 | R10: 15/09/2568 | S10: =IF(R10<>"", "Complete", IF(Q10<>"", "In progress", "")) -> Complete | T10: Complete | U10: 19/11/2568 | V10: 19/11/2568 | W10: =IF( AND( OR(M10=9,M10=18,M10=30), OR(G10="ภาคเหนือ",G10="ภาคใต้",G10="ภาคตะวันออก",G10="ภาคตะวันตก",G10="ภาคตะวันออกเฉียงเหนือ") ), IF(V10<>"","Complete",IF(U10<>"","In progress","")), "-" ) -> Complete | X10: 28/11/2568 | Y10: 15/10/2568 | AA10: =IF(Z10<>"", "Complete", IF(Y10<>"", "In progress", "")) -> In progress | AD10: 15/09/2568 | AE10: 244145 | AF10: =IF(AE10<>"", "Complete", IF(AD10<>"", "In progress", "")) -> Complete | AG10: 244206 | AH10: 15/10/2568 | AI10: =IF(AH10<>"", "Complete", IF(AG10<>"", "In progress", "")) -> Complete | AJ10: 22/01/2569 | AL10: =IF(AK10<>"", "Complete", IF(AJ10<>"", "In progress", "")) -> In progress | AT10: =IF(AQ10<>"", "Complete", IF(AP10<>"", "In progress", "")) | AX10: 244407 | AY10: 244432 | AZ10: =IF(AY10<>"", "Complete", IF(AX10<>"", "In progress", "")) -> Complete | BF10: =IF(BE10<>"", "Complete", IF(BD10<>"", "In progress", "")) | BI10: =IF(BH10<>"", "Complete", IF(BG10<>"", "In progress", ""))
A11: 2 | B11: หมู่ 6 สี่กั๊ก | C11: ทุ่งกระบ่ำ | D11: เลาขวัญ | E11: กาญจนบุรี | F11: เขต 11 (เพชรบุรี) | G11: ภาคตะวันตก | H11: ที่ทำการบ้าน ผญบ. | J11: 9 ปี 8 เดือน | K11: Myset | L11: New Self-Support | M11: 9 | N11: 90 | O11: 14.588587 | P11: 99.638117 | Q11: 15/09/2568 | R11: 15/09/2568 | S11: =IF(R11<>"", "Complete", IF(Q11<>"", "In progress", "")) -> Complete | T11: Complete | U11: 19/11/2568 | V11: 19/11/2568 | W11: =IF( AND( OR(M11=9,M11=18,M11=30), OR(G11="ภาคเหนือ",G11="ภาคใต้",G11="ภาคตะวันออก",G11="ภาคตะวันตก",G11="ภาคตะวันออกเฉียงเหนือ") ), IF(V11<>"","Complete",IF(U11<>"","In progress","")), "-" ) -> Complete | X11: 28/11/2568 | Y11: 15/10/2568 | AA11: =IF(Z11<>"", "Complete", IF(Y11<>"", "In progress", "")) -> In progress | AD11: 15/09/2568 | AE11: 244145 | AF11: =IF(AE11<>"", "Complete", IF(AD11<>"", "In progress", "")) -> Complete | AG11: 244206 | AH11: 15/10/2568 | AI11: =IF(AH11<>"", "Complete", IF(AG11<>"", "In progress", "")) -> Complete | AJ11: 22/01/2569 | AL11: =IF(AK11<>"", "Complete", IF(AJ11<>"", "In progress", "")) -> In progress | AT11: =IF(AQ11<>"", "Complete", IF(AP11<>"", "In progress", "")) | AX11: 244407 | AY11: 244432 | AZ11: =IF(AY11<>"", "Complete", IF(AX11<>"", "In progress", "")) -> Complete | BF11: =IF(BE11<>"", "Complete", IF(BD11<>"", "In progress", "")) | BI11: =IF(BH11<>"", "Complete", IF(BG11<>"", "In progress", ""))
A12: 3 | B12: หมู่ 7 หนองปลิง | C12: ทุ่งกระบ่ำ | D12: เลาขวัญ | E12: กาญจนบุรี | F12: เขต 11 (เพชรบุรี) | G12: ภาคตะวันตก | H12: ที่ทำการบ้าน ผญบ. | J12: 1 ปี 10 เดือน | K12: Myset | L12: New Self-Support | M12: 9 | N12: 104 | O12: 14.567454 | P12: 99.634531 | Q12: 15/09/2568 | R12: 15/09/2568 | S12: =IF(R12<>"", "Complete", IF(Q12<>"", "In progress", "")) -> Complete | T12: Complete | U12: 19/11/2568 | V12: 19/11/2568 | W12: =IF( AND( OR(M12=9,M12=18,M12=30), OR(G12="ภาคเหนือ",G12="ภาคใต้",G12="ภาคตะวันออก",G12="ภาคตะวันตก",G12="ภาคตะวันออกเฉียงเหนือ") ), IF(V12<>"","Complete",IF(U12<>"","In progress","")), "-" ) -> Complete | X12: 28/11/2568 | Y12: 15/10/2568 | AA12: =IF(Z12<>"", "Complete", IF(Y12<>"", "In progress", "")) -> In progress | AD12: 15/09/2568 | AE12: 244145 | AF12: =IF(AE12<>"", "Complete", IF(AD12<>"", "In progress", "")) -> Complete | AG12: 244206 | AH12: 15/10/2568 | AI12: =IF(AH12<>"", "Complete", IF(AG12<>"", "In progress", "")) -> Complete | AJ12: 22/01/2569 | AL12: =IF(AK12<>"", "Complete", IF(AJ12<>"", "In progress", "")) -> In progress | AT12: =IF(AQ12<>"", "Complete", IF(AP12<>"", "In progress", "")) | AX12: 244407 | AY12: 244433 | AZ12: =IF(AY12<>"", "Complete", IF(AX12<>"", "In progress", "")) -> Complete | BF12: =IF(BE12<>"", "Complete", IF(BD12<>"", "In progress", "")) | BI12: =IF(BH12<>"", "Complete", IF(BG12<>"", "In progress", ""))
A13: 4 | B13: หมู่ 8 ชัฎดงพลับ | C13: ทุ่งกระบ่ำ | D13: เลาขวัญ | E13: กาญจนบุรี | F13: เขต 11 (เพชรบุรี) | G13: ภาคตะวันตก | H13: ที่ทำการบ้าน ผญบ. | J13: 18 ปี9 เดือน | K13: Myset | L13: New Self-Support | M13: 9 | N13: 86 | O13: 14.625292 | P13: 99.652235 | Q13: 15/09/2568 | R13: 15/09/2568 | S13: =IF(R13<>"", "Complete", IF(Q13<>"", "In progress", "")) -> Complete | T13: Complete | U13: 19/11/2568 | V13: 19/11/2568 | W13: =IF( AND( OR(M13=9,M13=18,M13=30), OR(G13="ภาคเหนือ",G13="ภาคใต้",G13="ภาคตะวันออก",G13="ภาคตะวันตก",G13="ภาคตะวันออกเฉียงเหนือ") ), IF(V13<>"","Complete",IF(U13<>"","In progress","")), "-" ) -> Complete | X13: 28/11/2568 | Y13: 15/10/2568 | AA13: =IF(Z13<>"", "Complete", IF(Y13<>"", "In progress", "")) -> In progress | AD13: 15/09/2568 | AE13: 244145 | AF13: =IF(AE13<>"", "Complete", IF(AD13<>"", "In progress", "")) -> Complete | AG13: 244206 | AH13: 15/10/2568 | AI13: =IF(AH13<>"", "Complete", IF(AG13<>"", "In progress", "")) -> Complete | AJ13: 22/01/2569 | AL13: =IF(AK13<>"", "Complete", IF(AJ13<>"", "In progress", "")) -> In progress | AT13: =IF(AQ13<>"", "Complete", IF(AP13<>"", "In progress", "")) | AX13: 244407 | AY13: 244432 | AZ13: =IF(AY13<>"", "Complete", IF(AX13<>"", "In progress", "")) -> Complete | BF13: =IF(BE13<>"", "Complete", IF(BD13<>"", "In progress", "")) | BI13: =IF(BH13<>"", "Complete", IF(BG13<>"", "In progress", ""))
A14: 5 | B14: หมู่ 2 หนองเค็ด | C14: หนองนกแก้ว | D14: เลาขวัญ | E14: กาญจนบุรี | F14: เขต 11 (เพชรบุรี) | G14: ภาคตะวันตก | H14: ที่ทำการบ้าน ผญบ. | J14: 7 ปี 9 เดือน | K14: Myset | L14: New Self-Support | M14: 9 | N14: 105 | O14: 14.477975 | P14: 99.653895 | Q14: 15/09/2568 | R14: 15/09/2568 | S14: =IF(R14<>"", "Complete", IF(Q14<>"", "In progress", "")) -> Complete | T14: Complete | U14: 19/11/2568 | V14: 19/11/2568 | W14: =IF( AND( OR(M14=9,M14=18,M14=30), OR(G14="ภาคเหนือ",G14="ภาคใต้",G14="ภาคตะวันออก",G14="ภาคตะวันตก",G14="ภาคตะวันออกเฉียงเหนือ") ), IF(V14<>"","Complete",IF(U14<>"","In progress","")), "-" ) -> Complete | X14: 28/11/2568 | Y14: 15/10/2568 | AA14: =IF(Z14<>"", "Complete", IF(Y14<>"", "In progress", "")) -> In progress | AD14: 15/09/2568 | AE14: 244145 | AF14: =IF(AE14<>"", "Complete", IF(AD14<>"", "In progress", "")) -> Complete | AG14: 244206 | AH14: 15/10/2568 | AI14: =IF(AH14<>"", "Complete", IF(AG14<>"", "In progress", "")) -> Complete | AJ14: 22/01/2569 | AL14: =IF(AK14<>"", "Complete", IF(AJ14<>"", "In progress", "")) -> In progress | AT14: =IF(AQ14<>"", "Complete", IF(AP14<>"", "In progress", "")) | AX14: 244381 | AY14: 244436 | AZ14: =IF(AY14<>"", "Complete", IF(AX14<>"", "In progress", "")) -> Complete | BF14: =IF(BE14<>"", "Complete", IF(BD14<>"", "In progress", "")) | BI14: =IF(BH14<>"", "Complete", IF(BG14<>"", "In progress", ""))
A15: 6 | B15: หมู่ 4 หนองจั่น | C15: หนองนกแก้ว | D15: เลาขวัญ | E15: กาญจนบุรี | F15: เขต 11 (เพชรบุรี) | G15: ภาคตะวันตก | H15: ที่ทำการบ้าน ผญบ. | J15: 16 ปี 6 เดือน | K15: Myset | L15: New Self-Support | M15: 9 | N15: 106 | O15: 14.532685 | P15: 99.649881 | Q15: 15/09/2568 | R15: 15/09/2568 | S15: =IF(R15<>"", "Complete", IF(Q15<>"", "In progress", "")) -> Complete | T15: Complete | U15: 19/11/2568 | V15: 19/11/2568 | W15: =IF( AND( OR(M15=9,M15=18,M15=30), OR(G15="ภาคเหนือ",G15="ภาคใต้",G15="ภาคตะวันออก",G15="ภาคตะวันตก",G15="ภาคตะวันออกเฉียงเหนือ") ), IF(V15<>"","Complete",IF(U15<>"","In progress","")), "-" ) -> Complete | X15: 28/11/2568 | Y15: 15/10/2568 | AA15: =IF(Z15<>"", "Complete", IF(Y15<>"", "In progress", "")) -> In progress | AD15: 15/09/2568 | AE15: 244145 | AF15: =IF(AE15<>"", "Complete", IF(AD15<>"", "In progress", "")) -> Complete | AG15: 244206 | AH15: 15/10/2568 | AI15: =IF(AH15<>"", "Complete", IF(AG15<>"", "In progress", "")) -> Complete | AJ15: 22/01/2569 | AL15: =IF(AK15<>"", "Complete", IF(AJ15<>"", "In progress", "")) -> In progress | AT15: =IF(AQ15<>"", "Complete", IF(AP15<>"", "In progress", "")) | AX15: 244407 | AY15: 244433 | AZ15: =IF(AY15<>"", "Complete", IF(AX15<>"", "In progress", "")) -> Complete | BF15: =IF(BE15<>"", "Complete", IF(BD15<>"", "In progress", "")) | BI15: =IF(BH15<>"", "Complete", IF(BG15<>"", "In progress", ""))
A16: 7 | B16: หมู่ 5 หนองขบ | C16: หนองนกแก้ว | D16: เลาขวัญ | E16: กาญจนบุรี | F16: เขต 11 (เพชรบุรี) | G16: ภาคตะวันตก | H16: ที่ทำการบ้าน ผญบ. | J16: 19 ปี | K16: Myset | L16: New Self-Support | M16: 9 | N16: 87 | O16: 14.494989 | P16: 99.673001 | Q16: 15/09/2568 | R16: 15/09/2568 | S16: =IF(R16<>"", "Complete", IF(Q16<>"", "In progress", "")) -> Complete | T16: Complete | U16: 19/11/2568 | V16: 19/11/2568 | W16: =IF( AND( OR(M16=9,M16=18,M16=30), OR(G16="ภาคเหนือ",G16="ภาคใต้",G16="ภาคตะวันออก",G16="ภาคตะวันตก",G16="ภาคตะวันออกเฉียงเหนือ") ), IF(V16<>"","Complete",IF(U16<>"","In progress","")), "-" ) -> Complete | X16: 28/11/2568 | Y16: 15/10/2568 | AA16: =IF(Z16<>"", "Complete", IF(Y16<>"", "In progress", "")) -> In progress | AD16: 15/09/2568 | AE16: 244145 | AF16: =IF(AE16<>"", "Complete", IF(AD16<>"", "In progress", "")) -> Complete | AG16: 244206 | AH16: 15/10/2568 | AI16: =IF(AH16<>"", "Complete", IF(AG16<>"", "In progress", "")) -> Complete | AJ16: 22/01/2569 | AL16: =IF(AK16<>"", "Complete", IF(AJ16<>"", "In progress", "")) -> In progress | AT16: =IF(AQ16<>"", "Complete", IF(AP16<>"", "In progress", "")) | AX16: 244381 | AY16: 244434 | AZ16: =IF(AY16<>"", "Complete", IF(AX16<>"", "In progress", "")) -> Complete | BF16: =IF(BE16<>"", "Complete", IF(BD16<>"", "In progress", "")) | BI16: =IF(BH16<>"", "Complete", IF(BG16<>"", "In progress", ""))
A17: 8 | B17: หมู่ 9 หนองข่อย | C17: หนองนกแก้ว | D17: เลาขวัญ | E17: กาญจนบุรี | F17: เขต 11 (เพชรบุรี) | G17: ภาคตะวันตก | H17: ที่ทำการบ้าน ผญบ. | J17: 6 ปี 8 เดือน | K17: Myset | L17: New Self-Support | M17: 9 | N17: 132 | O17: 14.51521 | P17: 99.633163 | Q17: 15/09/2568 | R17: 15/09/2568 | S17: =IF(R17<>"", "Complete", IF(Q17<>"", "In progress", "")) -> Complete | T17: Complete | U17: 19/11/2568 | V17: 19/11/2568 | W17: =IF( AND( OR(M17=9,M17=18,M17=30), OR(G17="ภาคเหนือ",G17="ภาคใต้",G17="ภาคตะวันออก",G17="ภาคตะวันตก",G17="ภาคตะวันออกเฉียงเหนือ") ), IF(V17<>"","Complete",IF(U17<>"","In progress","")), "-" ) -> Complete | X17: 28/11/2568 | Y17: 15/10/2568 | AA17: =IF(Z17<>"", "Complete", IF(Y17<>"", "In progress", "")) -> In progress | AD17: 15/09/2568 | AE17: 244145 | AF17: =IF(AE17<>"", "Complete", IF(AD17<>"", "In progress", "")) -> Complete | AG17: 244206 | AH17: 15/10/2568 | AI17: =IF(AH17<>"", "Complete", IF(AG17<>"", "In progress", "")) -> Complete | AJ17: 22/01/2569 | AL17: =IF(AK17<>"", "Complete", IF(AJ17<>"", "In progress", "")) -> In progress | AT17: =IF(AQ17<>"", "Complete", IF(AP17<>"", "In progress", "")) | AX17: 244407 | AY17: 244433 | AZ17: =IF(AY17<>"", "Complete", IF(AX17<>"", "In progress", "")) -> Complete | BF17: =IF(BE17<>"", "Complete", IF(BD17<>"", "In progress", "")) | BI17: =IF(BH17<>"", "Complete", IF(BG17<>"", "In progress", ""))
A18: 9 | B18: หมู่ 10 หนองมะสังข์ | C18: หนองประดู่ | D18: เลาขวัญ | E18: กาญจนบุรี | F18: เขต 11 (เพชรบุรี) | G18: ภาคตะวันตก | H18: ที่ทำการบ้าน ผญบ. | J18: 22 ปี 11 เดือน | K18: Myset | L18: New Self-Support | M18: 9 | N18: 73 | O18: 14.486867 | P18: 99.695016 | Q18: 15/09/2568 | R18: 15/09/2568 | S18: =IF(R18<>"", "Complete", IF(Q18<>"", "In progress", "")) -> Complete | T18: Complete | U18: 19/11/2568 | V18: 19/11/2568 | W18: =IF( AND( OR(M18=9,M18=18,M18=30), OR(G18="ภาคเหนือ",G18="ภาคใต้",G18="ภาคตะวันออก",G18="ภาคตะวันตก",G18="ภาคตะวันออกเฉียงเหนือ") ), IF(V18<>"","Complete",IF(U18<>"","In progress","")), "-" ) -> Complete | X18: 28/11/2568 | Y18: 15/10/2568 | AA18: =IF(Z18<>"", "Complete", IF(Y18<>"", "In progress", "")) -> In progress | AD18: 15/09/2568 | AE18: 244145 | AF18: =IF(AE18<>"", "Complete", IF(AD18<>"", "In progress", "")) -> Complete | AG18: 244206 | AH18: 15/10/2568 | AI18: =IF(AH18<>"", "Complete", IF(AG18<>"", "In progress", "")) -> Complete | AJ18: 22/01/2569 | AL18: =IF(AK18<>"", "Complete", IF(AJ18<>"", "In progress", "")) -> In progress | AT18: =IF(AQ18<>"", "Complete", IF(AP18<>"", "In progress", "")) | AX18: 244381 | AY18: 244434 | AZ18: =IF(AY18<>"", "Complete", IF(AX18<>"", "In progress", "")) -> Complete | BF18: =IF(BE18<>"", "Complete", IF(BD18<>"", "In progress", "")) | BI18: =IF(BH18<>"", "Complete", IF(BG18<>"", "In progress", ""))
A19: 10 | B19: หมู่ 11 หนองตาเกิด | C19: หนองประดู่ | D19: เลาขวัญ | E19: กาญจนบุรี | F19: เขต 11 (เพชรบุรี) | G19: ภาคตะวันตก | H19: ที่ทำการบ้าน ผญบ. | J19: 10 ปี | K19: Myset | L19: New Self-Support | M19: 9 | N19: 42 | O19: 14.448948 | P19: 99.723167 | Q19: 15/09/2568 | R19: 15/09/2568 | S19: =IF(R19<>"", "Complete", IF(Q19<>"", "In progress", "")) -> Complete | T19: Complete | U19: 19/11/2568 | V19: 19/11/2568 | W19: =IF( AND( OR(M19=9,M19=18,M19=30), OR(G19="ภาคเหนือ",G19="ภาคใต้",G19="ภาคตะวันออก",G19="ภาคตะวันตก",G19="ภาคตะวันออกเฉียงเหนือ") ), IF(V19<>"","Complete",IF(U19<>"","In progress","")), "-" ) -> Complete | X19: 28/11/2568 | Y19: 15/10/2568 | AA19: =IF(Z19<>"", "Complete", IF(Y19<>"", "In progress", "")) -> In progress | AD19: 15/09/2568 | AE19: 244145 | AF19: =IF(AE19<>"", "Complete", IF(AD19<>"", "In progress", "")) -> Complete | AG19: 244206 | AH19: 15/10/2568 | AI19: =IF(AH19<>"", "Complete", IF(AG19<>"", "In progress", "")) -> Complete | AJ19: 22/01/2569 | AL19: =IF(AK19<>"", "Complete", IF(AJ19<>"", "In progress", "")) -> In progress | AT19: =IF(AQ19<>"", "Complete", IF(AP19<>"", "In progress", "")) | AX19: 244398 | AY19: 244436 | AZ19: =IF(AY19<>"", "Complete", IF(AX19<>"", "In progress", "")) -> Complete | BF19: =IF(BE19<>"", "Complete", IF(BD19<>"", "In progress", "")) | BI19: =IF(BH19<>"", "Complete", IF(BG19<>"", "In progress", ""))
A20: 11 | B20: หมู่ 3 ตลุงเหนือ | C20: หนองประดู่ | D20: เลาขวัญ | E20: กาญจนบุรี | F20: เขต 11 (เพชรบุรี) | G20: ภาคตะวันตก | H20: ที่ทำการบ้าน ผญบ. | J20: 5 ปี | K20: Myset | L20: New Self-Support | M20: 9 | N20: 40 | O20: 14.421935 | P20: 99.727385 | Q20: 15/09/2568 | R20: 15/09/2568 | S20: =IF(R20<>"", "Complete", IF(Q20<>"", "In progress", "")) -> Complete | T20: Complete | U20: 19/11/2568 | V20: 19/11/2568 | W20: =IF( AND( OR(M20=9,M20=18,M20=30), OR(G20="ภาคเหนือ",G20="ภาคใต้",G20="ภาคตะวันออก",G20="ภาคตะวันตก",G20="ภาคตะวันออกเฉียงเหนือ") ), IF(V20<>"","Complete",IF(U20<>"","In progress","")), "-" ) -> Complete | X20: 28/11/2568 | Y20: 15/10/2568 | AA20: =IF(Z20<>"", "Complete", IF(Y20<>"", "In progress", "")) -> In progress | AD20: 15/09/2568 | AE20: 244145 | AF20: =IF(AE20<>"", "Complete", IF(AD20<>"", "In progress", "")) -> Complete | AG20: 244206 | AH20: 15/10/2568 | AI20: =IF(AH20<>"", "Complete", IF(AG20<>"", "In progress", "")) -> Complete | AJ20: 22/01/2569 | AL20: =IF(AK20<>"", "Complete", IF(AJ20<>"", "In progress", "")) -> In progress | AT20: =IF(AQ20<>"", "Complete", IF(AP20<>"", "In progress", "")) | AX20: 244398 | AY20: 244436 | AZ20: =IF(AY20<>"", "Complete", IF(AX20<>"", "In progress", "")) -> Complete | BF20: =IF(BE20<>"", "Complete", IF(BD20<>"", "In progress", "")) | BI20: =IF(BH20<>"", "Complete", IF(BG20<>"", "In progress", ""))
A21: 12 | B21: หมู่ 5 หนองปรือ | C21: หนองประดู่ | D21: เลาขวัญ | E21: กาญจนบุรี | F21: เขต 11 (เพชรบุรี) | G21: ภาคตะวันตก | H21: ที่ทำการบ้าน ผญบ. | J21: 19 ปี | K21: Myset | L21: New Self-Support | M21: 9 | N21: 40 | O21: 14.435006 | P21: 99.735956 | Q21: 15/09/2568 | R21: 15/09/2568 | S21: =IF(R21<>"", "Complete", IF(Q21<>"", "In progress", "")) -> Complete | T21: Complete | U21: 19/11/2568 | V21: 19/11/2568 | W21: =IF( AND( OR(M21=9,M21=18,M21=30), OR(G21="ภาคเหนือ",G21="ภาคใต้",G21="ภาคตะวันออก",G21="ภาคตะวันตก",G21="ภาคตะวันออกเฉียงเหนือ") ), IF(V21<>"","Complete",IF(U21<>"","In progress","")), "-" ) -> Complete | X21: 28/11/2568 | Y21: 15/10/2568 | AA21: =IF(Z21<>"", "Complete", IF(Y21<>"", "In progress", "")) -> In progress | AD21: 15/09/2568 | AE21: 244145 | AF21: =IF(AE21<>"", "Complete", IF(AD21<>"", "In progress", "")) -> Complete | AG21: 244206 | AH21: 15/10/2568 | AI21: =IF(AH21<>"", "Complete", IF(AG21<>"", "In progress", "")) -> Complete | AJ21: 22/01/2569 | AL21: =IF(AK21<>"", "Complete", IF(AJ21<>"", "In progress", "")) -> In progress | AT21: =IF(AQ21<>"", "Complete", IF(AP21<>"", "In progress", "")) | AX21: 244398 | AY21: 244436 | AZ21: =IF(AY21<>"", "Complete", IF(AX21<>"", "In progress", "")) -> Complete | BF21: =IF(BE21<>"", "Complete", IF(BD21<>"", "In progress", "")) | BI21: =IF(BH21<>"", "Complete", IF(BG21<>"", "In progress", ""))
A22: 13 | B22: หมู่ 6 น้ำโจน | C22: หนองประดู่ | D22: เลาขวัญ | E22: กาญจนบุรี | F22: เขต 11 (เพชรบุรี) | G22: ภาคตะวันตก | H22: ที่ทำการบ้าน ผญบ. | J22: 9 ปี 8 เดือน | K22: Myset | L22: New Self-Support | M22: 9 | N22: 56 | O22: 14.481615 | P22: 99.745157 | Q22: 15/09/2568 | R22: 15/09/2568 | S22: =IF(R22<>"", "Complete", IF(Q22<>"", "In progress", "")) -> Complete | T22: Complete | U22: 19/11/2568 | V22: 19/11/2568 | W22: =IF( AND( OR(M22=9,M22=18,M22=30), OR(G22="ภาคเหนือ",G22="ภาคใต้",G22="ภาคตะวันออก",G22="ภาคตะวันตก",G22="ภาคตะวันออกเฉียงเหนือ") ), IF(V22<>"","Complete",IF(U22<>"","In progress","")), "-" ) -> Complete | X22: 28/11/2568 | Y22: 15/10/2568 | AA22: =IF(Z22<>"", "Complete", IF(Y22<>"", "In progress", "")) -> In progress | AD22: 15/09/2568 | AE22: 244145 | AF22: =IF(AE22<>"", "Complete", IF(AD22<>"", "In progress", "")) -> Complete | AG22: 244206 | AH22: 15/10/2568 | AI22: =IF(AH22<>"", "Complete", IF(AG22<>"", "In progress", "")) -> Complete | AJ22: 22/01/2569 | AL22: =IF(AK22<>"", "Complete", IF(AJ22<>"", "In progress", "")) -> In progress | AT22: =IF(AQ22<>"", "Complete", IF(AP22<>"", "In progress", "")) | AX22: 244398 | AY22: 244436 | AZ22: =IF(AY22<>"", "Complete", IF(AX22<>"", "In progress", "")) -> Complete | BF22: =IF(BE22<>"", "Complete", IF(BD22<>"", "In progress", "")) | BI22: =IF(BH22<>"", "Complete", IF(BG22<>"", "In progress", ""))
A23: 14 | B23: หมู่ 8 หนองแกแดง | C23: หนองประดู่ | D23: เลาขวัญ | E23: กาญจนบุรี | F23: เขต 11 (เพชรบุรี) | G23: ภาคตะวันตก | H23: ที่ทำการบ้าน กำนัน | J23: 11 ปี 4 เดือน | K23: Myset | L23: New Self-Support | M23: 9 | N23: 75 | O23: 14.446396 | P23: 99.667616 | Q23: 15/09/2568 | R23: 15/09/2568 | S23: =IF(R23<>"", "Complete", IF(Q23<>"", "In progress", "")) -> Complete | T23: Complete | U23: 19/11/2568 | V23: 19/11/2568 | W23: =IF( AND( OR(M23=9,M23=18,M23=30), OR(G23="ภาคเหนือ",G23="ภาคใต้",G23="ภาคตะวันออก",G23="ภาคตะวันตก",G23="ภาคตะวันออกเฉียงเหนือ") ), IF(V23<>"","Complete",IF(U23<>"","In progress","")), "-" ) -> Complete | X23: 28/11/2568 | Y23: 15/10/2568 | AA23: =IF(Z23<>"", "Complete", IF(Y23<>"", "In progress", "")) -> In progress | AD23: 15/09/2568 | AE23: 244145 | AF23: =IF(AE23<>"", "Complete", IF(AD23<>"", "In progress", "")) -> Complete | AG23: 244206 | AH23: 15/10/2568 | AI23: =IF(AH23<>"", "Complete", IF(AG23<>"", "In progress", "")) -> Complete | AJ23: 22/01/2569 | AL23: =IF(AK23<>"", "Complete", IF(AJ23<>"", "In progress", "")) -> In progress | AT23: =IF(AQ23<>"", "Complete", IF(AP23<>"", "In progress", "")) | AX23: 244381 | AY23: 244435 | AZ23: =IF(AY23<>"", "Complete", IF(AX23<>"", "In progress", "")) -> Complete | BF23: =IF(BE23<>"", "Complete", IF(BD23<>"", "In progress", "")) | BI23: =IF(BH23<>"", "Complete", IF(BG23<>"", "In progress", ""))
A24: 15 | B24: หมู่ 9 เหียงงาม | C24: หนองประดู่ | D24: เลาขวัญ | E24: กาญจนบุรี | F24: เขต 11 (เพชรบุรี) | G24: ภาคตะวันตก | H24: ที่ทำการบ้าน ผญบ. | J24: 18 ปี 7 เดือน | K24: Myset | L24: New Self-Support | M24: 9 | N24: 34 | O24: 14.406573 | P24: 99.741555 | Q24: 15/09/2568 | R24: 15/09/2568 | S24: =IF(R24<>"", "Complete", IF(Q24<>"", "In progress", "")) -> Complete | T24: Complete | U24: 19/11/2568 | V24: 19/11/2568 | W24: =IF( AND( OR(M24=9,M24=18,M24=30), OR(G24="ภาคเหนือ",G24="ภาคใต้",G24="ภาคตะวันออก",G24="ภาคตะวันตก",G24="ภาคตะวันออกเฉียงเหนือ") ), IF(V24<>"","Complete",IF(U24<>"","In progress","")), "-" ) -> Complete | X24: 28/11/2568 | Y24: 15/10/2568 | AA24: =IF(Z24<>"", "Complete", IF(Y24<>"", "In progress", "")) -> In progress | AD24: 15/09/2568 | AE24: 244145 | AF24: =IF(AE24<>"", "Complete", IF(AD24<>"", "In progress", "")) -> Complete | AG24: 244206 | AH24: 15/10/2568 | AI24: =IF(AH24<>"", "Complete", IF(AG24<>"", "In progress", "")) -> Complete | AJ24: 22/01/2569 | AL24: =IF(AK24<>"", "Complete", IF(AJ24<>"", "In progress", "")) -> In progress | AT24: =IF(AQ24<>"", "Complete", IF(AP24<>"", "In progress", "")) | AX24: 244398 | AY24: 244425 | AZ24: =IF(AY24<>"", "Complete", IF(AX24<>"", "In progress", "")) -> Complete | BF24: =IF(BE24<>"", "Complete", IF(BD24<>"", "In progress", "")) | BI24: =IF(BH24<>"", "Complete", IF(BG24<>"", "In progress", ""))
A25: 31 | B25: หมู่ 16 บ้านศรีเกษตรพัฒนา | C25: ปางมะค่า | D25: ขาณุวรลักษบุรี | E25: กำแพงเพชร | F25: เขต 3 (ส่วนแยกตาก) | G25: ภาคเหนือ | H25: ที่ทำการบ้าน ผญบ. | J25: 11 ปี | K25: P&S | L25: New Self-Support | M25: 9 | N25: 154 | O25: 15.9575 | P25: 99.38428 | Q25: 15/09/2568 | R25: 17/09/2568 | S25: =IF(R25<>"", "Complete", IF(Q25<>"", "In progress", "")) -> Complete | T25: Complete | U25: 19/11/2568 | V25: 19/11/2568 | W25: =IF( AND( OR(M25=9,M25=18,M25=30), OR(G25="ภาคเหนือ",G25="ภาคใต้",G25="ภาคตะวันออก",G25="ภาคตะวันตก",G25="ภาคตะวันออกเฉียงเหนือ") ), IF(V25<>"","Complete",IF(U25<>"","In progress","")), "-" ) -> Complete | X25: 28/11/2568 | Y25: 17/10/2568 | AA25: =IF(Z25<>"", "Complete", IF(Y25<>"", "In progress", "")) -> In progress | AD25: 15/09/2568 | AE25: 244145 | AF25: =IF(AE25<>"", "Complete", IF(AD25<>"", "In progress", "")) -> Complete | AG25: 244206 | AH25: 15/10/2568 | AI25: =IF(AH25<>"", "Complete", IF(AG25<>"", "In progress", "")) -> Complete | AJ25: 22/01/2569 | AL25: =IF(AK25<>"", "Complete", IF(AJ25<>"", "In progress", "")) -> In progress | AT25: =IF(AQ25<>"", "Complete", IF(AP25<>"", "In progress", "")) | AX25: 244402 | AY25: 244421 | AZ25: =IF(AY25<>"", "Complete", IF(AX25<>"", "In progress", "")) -> Complete | BF25: =IF(BE25<>"", "Complete", IF(BD25<>"", "In progress", "")) | BI25: =IF(BH25<>"", "Complete", IF(BG25<>"", "In progress", ""))
A26: 32 | B26: หมู่ 17 บ้านทรัพย์เจริญ | C26: ปางมะค่า | D26: ขาณุวรลักษบุรี | E26: กำแพงเพชร | F26: เขต 3 (ส่วนแยกตาก) | G26: ภาคเหนือ | H26: ศาลาประชาคม | J26: 14 ปี | K26: P&S | L26: New Self-Support | M26: 9 | N26: 168 | O26: 15.95268 | P26: 99.35793 | Q26: 15/09/2568 | R26: 17/09/2568 | S26: =IF(R26<>"", "Complete", IF(Q26<>"", "In progress", "")) -> Complete | T26: Complete | U26: 19/11/2568 | V26: 19/11/2568 | W26: =IF( AND( OR(M26=9,M26=18,M26=30), OR(G26="ภาคเหนือ",G26="ภาคใต้",G26="ภาคตะวันออก",G26="ภาคตะวันตก",G26="ภาคตะวันออกเฉียงเหนือ") ), IF(V26<>"","Complete",IF(U26<>"","In progress","")), "-" ) -> Complete | X26: 28/11/2568 | Y26: 17/10/2568 | AA26: =IF(Z26<>"", "Complete", IF(Y26<>"", "In progress", "")) -> In progress | AD26: 15/09/2568 | AE26: 244145 | AF26: =IF(AE26<>"", "Complete", IF(AD26<>"", "In progress", "")) -> Complete | AG26: 244206 | AH26: 15/10/2568 | AI26: =IF(AH26<>"", "Complete", IF(AG26<>"", "In progress", "")) -> Complete | AJ26: 22/01/2569 | AL26: =IF(AK26<>"", "Complete", IF(AJ26<>"", "In progress", "")) -> In progress | AT26: =IF(AQ26<>"", "Complete", IF(AP26<>"", "In progress", "")) | AX26: 244402 | AY26: 244421 | AZ26: =IF(AY26<>"", "Complete", IF(AX26<>"", "In progress", "")) -> Complete | BF26: =IF(BE26<>"", "Complete", IF(BD26<>"", "In progress", "")) | BI26: =IF(BH26<>"", "Complete", IF(BG26<>"", "In progress", ""))
A27: 33 | B27: หมู่ 11 บ้านมอสมบูรณ์ | C27: ปางมะค่า | D27: ขาณุวรลักษบุรี | E27: กำแพงเพชร | F27: เขต 3 (ส่วนแยกตาก) | G27: ภาคเหนือ | H27: ที่ทำการบ้าน ผญบ. | J27: 2 ปี | K27: P&S | L27: New Self-Support | M27: 9 | N27: 153.4 | O27: 15.94607 | P27: 99.41336 | Q27: 15/09/2568 | R27: 17/09/2568 | S27: =IF(R27<>"", "Complete", IF(Q27<>"", "In progress", "")) -> Complete | T27: Complete | U27: 19/11/2568 | V27: 19/11/2568 | W27: =IF( AND( OR(M27=9,M27=18,M27=30), OR(G27="ภาคเหนือ",G27="ภาคใต้",G27="ภาคตะวันออก",G27="ภาคตะวันตก",G27="ภาคตะวันออกเฉียงเหนือ") ), IF(V27<>"","Complete",IF(U27<>"","In progress","")), "-" ) -> Complete | X27: 28/11/2568 | Y27: 17/10/2568 | AA27: =IF(Z27<>"", "Complete", IF(Y27<>"", "In progress", "")) -> In progress | AD27: 15/09/2568 | AE27: 244145 | AF27: =IF(AE27<>"", "Complete", IF(AD27<>"", "In progress", "")) -> Complete | AG27: 244206 | AH27: 15/10/2568 | AI27: =IF(AH27<>"", "Complete", IF(AG27<>"", "In progress", "")) -> Complete | AJ27: 22/01/2569 | AL27: =IF(AK27<>"", "Complete", IF(AJ27<>"", "In progress", "")) -> In progress | AT27: =IF(AQ27<>"", "Complete", IF(AP27<>"", "In progress", "")) | AX27: 244402 | AY27: 244421 | AZ27: =IF(AY27<>"", "Complete", IF(AX27<>"", "In progress", "")) -> Complete | BF27: =IF(BE27<>"", "Complete", IF(BD27<>"", "In progress", "")) | BI27: =IF(BH27<>"", "Complete", IF(BG27<>"", "In progress", ""))
A28: 34 | B28: หมู่ 21 บ้านใหม่ธงชัย | C28: ปางมะค่า | D28: ขาณุวรลักษบุรี | E28: กำแพงเพชร | F28: เขต 3 (ส่วนแยกตาก) | G28: ภาคเหนือ | H28: ที่ทำการบ้าน ผญบ. | J28: 11 ปี | K28: P&S | L28: New Self-Support | M28: 9 | N28: 140 | O28: 15.93205 | P28: 99.38786 | Q28: 15/09/2568 | R28: 18/09/2568 | S28: =IF(R28<>"", "Complete", IF(Q28<>"", "In progress", "")) -> Complete | T28: Complete | U28: 19/11/2568 | V28: 19/11/2568 | W28: =IF( AND( OR(M28=9,M28=18,M28=30), OR(G28="ภาคเหนือ",G28="ภาคใต้",G28="ภาคตะวันออก",G28="ภาคตะวันตก",G28="ภาคตะวันออกเฉียงเหนือ") ), IF(V28<>"","Complete",IF(U28<>"","In progress","")), "-" ) -> Complete | X28: 28/11/2568 | Y28: 18/10/2568 | AA28: =IF(Z28<>"", "Complete", IF(Y28<>"", "In progress", "")) -> In progress | AD28: 15/09/2568 | AE28: 244145 | AF28: =IF(AE28<>"", "Complete", IF(AD28<>"", "In progress", "")) -> Complete | AG28: 244206 | AH28: 15/10/2568 | AI28: =IF(AH28<>"", "Complete", IF(AG28<>"", "In progress", "")) -> Complete | AJ28: 22/01/2569 | AL28: =IF(AK28<>"", "Complete", IF(AJ28<>"", "In progress", "")) -> In progress | AT28: =IF(AQ28<>"", "Complete", IF(AP28<>"", "In progress", "")) | AX28: 244402 | AY28: 244421 | AZ28: =IF(AY28<>"", "Complete", IF(AX28<>"", "In progress", "")) -> Complete | BF28: =IF(BE28<>"", "Complete", IF(BD28<>"", "In progress", "")) | BI28: =IF(BH28<>"", "Complete", IF(BG28<>"", "In progress", ""))
A29: 35 | B29: หมู่ 6 บ้านเกาะแก้ว | C29: ปางมะค่า | D29: ขาณุวรลักษบุรี | E29: กำแพงเพชร | F29: เขต 3 (ส่วนแยกตาก) | G29: ภาคเหนือ | H29: ที่ทำการบ้าน ผญบ. | J29: 8 ปี | K29: P&S | L29: New Self-Support | M29: 9 | N29: 129 | O29: 15.91913 | P29: 99.40145 | Q29: 15/09/2568 | R29: 17/09/2568 | S29: =IF(R29<>"", "Complete", IF(Q29<>"", "In progress", "")) -> Complete | T29: Complete | U29: 19/11/2568 | V29: 19/11/2568 | W29: =IF( AND( OR(M29=9,M29=18,M29=30), OR(G29="ภาคเหนือ",G29="ภาคใต้",G29="ภาคตะวันออก",G29="ภาคตะวันตก",G29="ภาคตะวันออกเฉียงเหนือ") ), IF(V29<>"","Complete",IF(U29<>"","In progress","")), "-" ) -> Complete | X29: 28/11/2568 | Y29: 17/10/2568 | AA29: =IF(Z29<>"", "Complete", IF(Y29<>"", "In progress", "")) -> In progress | AD29: 15/09/2568 | AE29: 244145 | AF29: =IF(AE29<>"", "Complete", IF(AD29<>"", "In progress", "")) -> Complete | AG29: 244206 | AH29: 15/10/2568 | AI29: =IF(AH29<>"", "Complete", IF(AG29<>"", "In progress", "")) -> Complete | AJ29: 22/01/2569 | AL29: =IF(AK29<>"", "Complete", IF(AJ29<>"", "In progress", "")) -> In progress | AT29: =IF(AQ29<>"", "Complete", IF(AP29<>"", "In progress", "")) | AX29: 244402 | AY29: 244421 | AZ29: =IF(AY29<>"", "Complete", IF(AX29<>"", "In progress", "")) -> Complete | BF29: =IF(BE29<>"", "Complete", IF(BD29<>"", "In progress", "")) | BI29: =IF(BH29<>"", "Complete", IF(BG29<>"", "In progress", ""))
A30: 36 | B30: หมู่ 19 บ้านศรีสมบูรณ์ | C30: ปางมะค่า | D30: ขาณุวรลักษบุรี | E30: กำแพงเพชร | F30: เขต 3 (ส่วนแยกตาก) | G30: ภาคเหนือ | H30: ศาลาประชาคม | J30: 5 เดือน | K30: P&S | L30: Self-Support | M30: 18 | N30: 125 | O30: 15.92749 | P30: 99.42296 | Q30: 15/09/2568 | R30: 18/09/2568 | S30: =IF(R30<>"", "Complete", IF(Q30<>"", "In progress", "")) -> Complete | T30: Complete | U30: 19/11/2568 | V30: 18/11/2568 | W30: =IF( AND( OR(M30=9,M30=18,M30=30), OR(G30="ภาคเหนือ",G30="ภาคใต้",G30="ภาคตะวันออก",G30="ภาคตะวันตก",G30="ภาคตะวันออกเฉียงเหนือ") ), IF(V30<>"","Complete",IF(U30<>"","In progress","")), "-" ) -> Complete | X30: 28/11/2568 | Y30: 18/10/2568 | AA30: =IF(Z30<>"", "Complete", IF(Y30<>"", "In progress", "")) -> In progress | AD30: 15/10/2568 | AE30: 21/10/2568 | AF30: =IF(AE30<>"", "Complete", IF(AD30<>"", "In progress", "")) -> Complete | AG30: 14/11/2568 | AH30: 26/11/2568 | AI30: =IF(AH30<>"", "Complete", IF(AG30<>"", "In progress", "")) -> Complete | AJ30: 244470 | AK30: 244470 | AL30: =IF(AK30<>"", "Complete", IF(AJ30<>"", "In progress", "")) -> Complete | AM30: 244684 | AN30: 15/1/2569 | AO30: 23/1/2569 | AP30: 14/1/2569 | AT30: =IF(AQ30<>"", "Complete", IF(AP30<>"", "In progress", "")) -> In progress | AX30: 244359 | AY30: 244369 | AZ30: =IF(AY30<>"", "Complete", IF(AX30<>"", "In progress", "")) -> Complete | BF30: =IF(BE30<>"", "Complete", IF(BD30<>"", "In progress", "")) | BI30: =IF(BH30<>"", "Complete", IF(BG30<>"", "In progress", "")) | BM30: นายคิรากร ดอนมูลไพร
A31: 37 | B31: หมู่ 12 มอตะแบก | C31: คลองลานพัฒนา | D31: คลองลาน | E31: กำแพงเพชร | F31: เขต 3 (ส่วนแยกตาก) | G31: ภาคเหนือ | H31: ที่ทำการบ้าน ผญบ. | J31: 4 ปี | K31: P&S | L31: New Self-Support | M31: 9 | N31: 132 | O31: 16.105584 | P31: 99.371336 | Q31: 15/09/2568 | R31: 16/09/2568 | S31: =IF(R31<>"", "Complete", IF(Q31<>"", "In progress", "")) -> Complete | T31: Complete | U31: 19/11/2568 | V31: 19/11/2568 | W31: =IF( AND( OR(M31=9,M31=18,M31=30), OR(G31="ภาคเหนือ",G31="ภาคใต้",G31="ภาคตะวันออก",G31="ภาคตะวันตก",G31="ภาคตะวันออกเฉียงเหนือ") ), IF(V31<>"","Complete",IF(U31<>"","In progress","")), "-" ) -> Complete | X31: 28/11/2568 | Y31: 16/10/2568 | AA31: =IF(Z31<>"", "Complete", IF(Y31<>"", "In progress", "")) -> In progress | AD31: 15/09/2568 | AE31: 244145 | AF31: =IF(AE31<>"", "Complete", IF(AD31<>"", "In progress", "")) -> Complete | AG31: 244206 | AH31: 15/10/2568 | AI31: =IF(AH31<>"", "Complete", IF(AG31<>"", "In progress", "")) -> Complete | AJ31: 22/01/2569 | AL31: =IF(AK31<>"", "Complete", IF(AJ31<>"", "In progress", "")) -> In progress | AT31: =IF(AQ31<>"", "Complete", IF(AP31<>"", "In progress", "")) | AX31: 244392 | AY31: 244415 | AZ31: =IF(AY31<>"", "Complete", IF(AX31<>"", "In progress", "")) -> Complete | BF31: =IF(BE31<>"", "Complete", IF(BD31<>"", "In progress", "")) | BI31: =IF(BH31<>"", "Complete", IF(BG31<>"", "In progress", ""))
A32: 38 | B32: หมู่ 4 ปากคลองลาน | C32: คลองลานพัฒนา | D32: คลองลาน | E32: กำแพงเพชร | F32: เขต 3 (ส่วนแยกตาก) | G32: ภาคเหนือ | H32: ที่ทำการบ้าน ผญบ. | J32: 4 ปี | K32: P&S | L32: New Self-Support | M32: 9 | N32: 121 | O32: 16.072842 | P32: 99.372585 | Q32: 15/09/2568 | R32: 16/09/2568 | S32: =IF(R32<>"", "Complete", IF(Q32<>"", "In progress", "")) -> Complete | T32: Complete | U32: 19/11/2568 | V32: 19/11/2568 | W32: =IF( AND( OR(M32=9,M32=18,M32=30), OR(G32="ภาคเหนือ",G32="ภาคใต้",G32="ภาคตะวันออก",G32="ภาคตะวันตก",G32="ภาคตะวันออกเฉียงเหนือ") ), IF(V32<>"","Complete",IF(U32<>"","In progress","")), "-" ) -> Complete | X32: 28/11/2568 | Y32: 16/10/2568 | AA32: =IF(Z32<>"", "Complete", IF(Y32<>"", "In progress", "")) -> In progress | AD32: 15/09/2568 | AE32: 244145 | AF32: =IF(AE32<>"", "Complete", IF(AD32<>"", "In progress", "")) -> Complete | AG32: 244206 | AH32: 15/10/2568 | AI32: =IF(AH32<>"", "Complete", IF(AG32<>"", "In progress", "")) -> Complete | AJ32: 22/01/2569 | AL32: =IF(AK32<>"", "Complete", IF(AJ32<>"", "In progress", "")) -> In progress | AT32: =IF(AQ32<>"", "Complete", IF(AP32<>"", "In progress", "")) | AX32: 244393 | AY32: 244416 | AZ32: =IF(AY32<>"", "Complete", IF(AX32<>"", "In progress", "")) -> Complete | BF32: =IF(BE32<>"", "Complete", IF(BD32<>"", "In progress", "")) | BI32: =IF(BH32<>"", "Complete", IF(BG32<>"", "In progress", ""))
A33: 39 | B33: หมู่ 1 ไพรสวรรค์ | C33: ปางตาไว | D33: ปางศิลาทอง | E33: กำแพงเพชร | F33: เขต 3 (ส่วนแยกตาก) | G33: ภาคเหนือ | H33: ที่ทำการบ้าน ผญบ. | J33: 2 ปี | K33: P&S | L33: New Self-Support | M33: 9 | N33: 112.8 | O33: 16.06211 | P33: 99.38389 | Q33: 15/09/2568 | R33: 16/09/2568 | S33: =IF(R33<>"", "Complete", IF(Q33<>"", "In progress", "")) -> Complete | T33: Complete | U33: 19/11/2568 | V33: 19/11/2568 | W33: =IF( AND( OR(M33=9,M33=18,M33=30), OR(G33="ภาคเหนือ",G33="ภาคใต้",G33="ภาคตะวันออก",G33="ภาคตะวันตก",G33="ภาคตะวันออกเฉียงเหนือ") ), IF(V33<>"","Complete",IF(U33<>"","In progress","")), "-" ) -> Complete | X33: 28/11/2568 | Y33: 16/10/2568 | AA33: =IF(Z33<>"", "Complete", IF(Y33<>"", "In progress", "")) -> In progress | AD33: 15/09/2568 | AE33: 244145 | AF33: =IF(AE33<>"", "Complete", IF(AD33<>"", "In progress", "")) -> Complete | AG33: 244206 | AH33: 15/10/2568 | AI33: =IF(AH33<>"", "Complete", IF(AG33<>"", "In progress", "")) -> Complete | AJ33: 22/01/2569 | AL33: =IF(AK33<>"", "Complete", IF(AJ33<>"", "In progress", "")) -> In progress | AT33: =IF(AQ33<>"", "Complete", IF(AP33<>"", "In progress", "")) | AX33: 244393 | AY33: 244415 | AZ33: =IF(AY33<>"", "Complete", IF(AX33<>"", "In progress", "")) -> Complete | BF33: =IF(BE33<>"", "Complete", IF(BD33<>"", "In progress", "")) | BI33: =IF(BH33<>"", "Complete", IF(BG33<>"", "In progress", ""))
A34: 40 | B34: หมู่ 10 ปางใหม่พัฒนา | C34: ปางตาไว | D34: ปางศิลาทอง | E34: กำแพงเพชร | F34: เขต 3 (ส่วนแยกตาก) | G34: ภาคเหนือ | H34: ที่ทำการบ้าน ผญบ. | J34: 4 ปี | K34: P&S | L34: New Self-Support | M34: 9 | N34: 150 | O34: 15.99509 | P34: 99.36474 | Q34: 15/09/2568 | R34: 16/09/2568 | S34: =IF(R34<>"", "Complete", IF(Q34<>"", "In progress", "")) -> Complete | T34: Complete | U34: 19/11/2568 | V34: 19/11/2568 | W34: =IF( AND( OR(M34=9,M34=18,M34=30), OR(G34="ภาคเหนือ",G34="ภาคใต้",G34="ภาคตะวันออก",G34="ภาคตะวันตก",G34="ภาคตะวันออกเฉียงเหนือ") ), IF(V34<>"","Complete",IF(U34<>"","In progress","")), "-" ) -> Complete | X34: 28/11/2568 | Y34: 16/10/2568 | AA34: =IF(Z34<>"", "Complete", IF(Y34<>"", "In progress", "")) -> In progress | AD34: 15/09/2568 | AE34: 244145 | AF34: =IF(AE34<>"", "Complete", IF(AD34<>"", "In progress", "")) -> Complete | AG34: 244206 | AH34: 15/10/2568 | AI34: =IF(AH34<>"", "Complete", IF(AG34<>"", "In progress", "")) -> Complete | AJ34: 22/01/2569 | AL34: =IF(AK34<>"", "Complete", IF(AJ34<>"", "In progress", "")) -> In progress | AT34: =IF(AQ34<>"", "Complete", IF(AP34<>"", "In progress", "")) | AX34: 244399 | AY34: 244411 | AZ34: =IF(AY34<>"", "Complete", IF(AX34<>"", "In progress", "")) -> Complete | BF34: =IF(BE34<>"", "Complete", IF(BD34<>"", "In progress", "")) | BI34: =IF(BH34<>"", "Complete", IF(BG34<>"", "In progress", ""))
A35: 41 | B35: หมู่ 2 คลองลึกพัฒนา | C35: ปางตาไว | D35: ปางศิลาทอง | E35: กำแพงเพชร | F35: เขต 3 (ส่วนแยกตาก) | G35: ภาคเหนือ | H35: ที่ทำการบ้าน ผญบ. | J35: 5 ปี | K35: P&S | L35: New Self-Support | M35: 9 | N35: 136.6 | O35: 16.03417 | P35: 99.39663 | Q35: 15/09/2568 | R35: 16/09/2568 | S35: =IF(R35<>"", "Complete", IF(Q35<>"", "In progress", "")) -> Complete | T35: Complete | U35: 19/11/2568 | V35: 19/11/2568 | W35: =IF( AND( OR(M35=9,M35=18,M35=30), OR(G35="ภาคเหนือ",G35="ภาคใต้",G35="ภาคตะวันออก",G35="ภาคตะวันตก",G35="ภาคตะวันออกเฉียงเหนือ") ), IF(V35<>"","Complete",IF(U35<>"","In progress","")), "-" ) -> Complete | X35: 28/11/2568 | Y35: 16/10/2568 | AA35: =IF(Z35<>"", "Complete", IF(Y35<>"", "In progress", "")) -> In progress | AD35: 15/09/2568 | AE35: 244145 | AF35: =IF(AE35<>"", "Complete", IF(AD35<>"", "In progress", "")) -> Complete | AG35: 244206 | AH35: 15/10/2568 | AI35: =IF(AH35<>"", "Complete", IF(AG35<>"", "In progress", "")) -> Complete | AJ35: 22/01/2569 | AL35: =IF(AK35<>"", "Complete", IF(AJ35<>"", "In progress", "")) -> In progress | AT35: =IF(AQ35<>"", "Complete", IF(AP35<>"", "In progress", "")) | AX35: 244393 | AY35: 244416 | AZ35: =IF(AY35<>"", "Complete", IF(AX35<>"", "In progress", "")) -> Complete | BF35: =IF(BE35<>"", "Complete", IF(BD35<>"", "In progress", "")) | BI35: =IF(BH35<>"", "Complete", IF(BG35<>"", "In progress", ""))
A36: 42 | B36: หมู่ 3 เพชรเจริญ | C36: ปางตาไว | D36: ปางศิลาทอง | E36: กำแพงเพชร | F36: เขต 3 (ส่วนแยกตาก) | G36: ภาคเหนือ | H36: ที่ทำการบ้าน ผญบ. | J36: 13 ปี | K36: P&S | L36: New Self-Support | M36: 9 | N36: 142 | O36: 16.02214 | P36: 99.36882 | Q36: 15/09/2568 | R36: 16/09/2568 | S36: =IF(R36<>"", "Complete", IF(Q36<>"", "In progress", "")) -> Complete | T36: Complete | U36: 19/11/2568 | V36: 19/11/2568 | W36: =IF( AND( OR(M36=9,M36=18,M36=30), OR(G36="ภาคเหนือ",G36="ภาคใต้",G36="ภาคตะวันออก",G36="ภาคตะวันตก",G36="ภาคตะวันออกเฉียงเหนือ") ), IF(V36<>"","Complete",IF(U36<>"","In progress","")), "-" ) -> Complete | X36: 28/11/2568 | Y36: 16/10/2568 | AA36: =IF(Z36<>"", "Complete", IF(Y36<>"", "In progress", "")) -> In progress | AD36: 15/09/2568 | AE36: 244145 | AF36: =IF(AE36<>"", "Complete", IF(AD36<>"", "In progress", "")) -> Complete | AG36: 244206 | AH36: 15/10/2568 | AI36: =IF(AH36<>"", "Complete", IF(AG36<>"", "In progress", "")) -> Complete | AJ36: 22/01/2569 | AL36: =IF(AK36<>"", "Complete", IF(AJ36<>"", "In progress", "")) -> In progress | AT36: =IF(AQ36<>"", "Complete", IF(AP36<>"", "In progress", "")) | AX36: 244397 | AY36: 244417 | AZ36: =IF(AY36<>"", "Complete", IF(AX36<>"", "In progress", "")) -> Complete | BF36: =IF(BE36<>"", "Complete", IF(BD36<>"", "In progress", "")) | BI36: =IF(BH36<>"", "Complete", IF(BG36<>"", "In progress", ""))
A37: 43 | B37: หมู่ 4 ปางตาไว | C37: ปางตาไว | D37: ปางศิลาทอง | E37: กำแพงเพชร | F37: เขต 3 (ส่วนแยกตาก) | G37: ภาคเหนือ | H37: ที่ทำการบ้าน ผญบ. | J37: 2 ปี | K37: P&S | L37: New Self-Support | M37: 9 | N37: 142.3 | O37: 15.99898 | P37: 99.37284 | Q37: 15/09/2568 | R37: 16/09/2568 | S37: =IF(R37<>"", "Complete", IF(Q37<>"", "In progress", "")) -> Complete | T37: Complete | U37: 19/11/2568 | V37: 19/11/2568 | W37: =IF( AND( OR(M37=9,M37=18,M37=30), OR(G37="ภาคเหนือ",G37="ภาคใต้",G37="ภาคตะวันออก",G37="ภาคตะวันตก",G37="ภาคตะวันออกเฉียงเหนือ") ), IF(V37<>"","Complete",IF(U37<>"","In progress","")), "-" ) -> Complete | X37: 28/11/2568 | Y37: 16/10/2568 | AA37: =IF(Z37<>"", "Complete", IF(Y37<>"", "In progress", "")) -> In progress | AD37: 15/09/2568 | AE37: 244145 | AF37: =IF(AE37<>"", "Complete", IF(AD37<>"", "In progress", "")) -> Complete | AG37: 244206 | AH37: 15/10/2568 | AI37: =IF(AH37<>"", "Complete", IF(AG37<>"", "In progress", "")) -> Complete | AJ37: 22/01/2569 | AL37: =IF(AK37<>"", "Complete", IF(AJ37<>"", "In progress", "")) -> In progress | AT37: =IF(AQ37<>"", "Complete", IF(AP37<>"", "In progress", "")) | AX37: 244397 | AY37: 244419 | AZ37: =IF(AY37<>"", "Complete", IF(AX37<>"", "In progress", "")) -> Complete | BF37: =IF(BE37<>"", "Complete", IF(BD37<>"", "In progress", "")) | BI37: =IF(BH37<>"", "Complete", IF(BG37<>"", "In progress", ""))
A38: 44 | B38: หมู่ 5 ตากฟ้า | C38: ปางตาไว | D38: ปางศิลาทอง | E38: กำแพงเพชร | F38: เขต 3 (ส่วนแยกตาก) | G38: ภาคเหนือ | H38: ที่ทำการบ้าน กำนัน | J38: 2 ปี | K38: P&S | L38: New Self-Support | M38: 9 | N38: 146.1 | O38: 15.97804 | P38: 99.38115 | Q38: 15/09/2568 | R38: 16/09/2568 | S38: =IF(R38<>"", "Complete", IF(Q38<>"", "In progress", "")) -> Complete | T38: Complete | U38: 19/11/2568 | V38: 19/11/2568 | W38: =IF( AND( OR(M38=9,M38=18,M38=30), OR(G38="ภาคเหนือ",G38="ภาคใต้",G38="ภาคตะวันออก",G38="ภาคตะวันตก",G38="ภาคตะวันออกเฉียงเหนือ") ), IF(V38<>"","Complete",IF(U38<>"","In progress","")), "-" ) -> Complete | X38: 28/11/2568 | Y38: 16/10/2568 | AA38: =IF(Z38<>"", "Complete", IF(Y38<>"", "In progress", "")) -> In progress | AD38: 15/09/2568 | AE38: 244145 | AF38: =IF(AE38<>"", "Complete", IF(AD38<>"", "In progress", "")) -> Complete | AG38: 244206 | AH38: 15/10/2568 | AI38: =IF(AH38<>"", "Complete", IF(AG38<>"", "In progress", "")) -> Complete | AJ38: 22/01/2569 | AL38: =IF(AK38<>"", "Complete", IF(AJ38<>"", "In progress", "")) -> In progress | AT38: =IF(AQ38<>"", "Complete", IF(AP38<>"", "In progress", "")) | AX38: 244399 | AY38: 244419 | AZ38: =IF(AY38<>"", "Complete", IF(AX38<>"", "In progress", "")) -> Complete | BF38: =IF(BE38<>"", "Complete", IF(BD38<>"", "In progress", "")) | BI38: =IF(BH38<>"", "Complete", IF(BG38<>"", "In progress", ""))
A39: 45 | B39: หมู่ 6 ปางเหนือ | C39: ปางตาไว | D39: ปางศิลาทอง | E39: กำแพงเพชร | F39: เขต 3 (ส่วนแยกตาก) | G39: ภาคเหนือ | H39: ที่ทำการบ้าน ผญบ. | J39: 13 ปี | K39: P&S | L39: New Self-Support | M39: 9 | N39: 123.5 | O39: 16.05459 | P39: 99.35604 | Q39: 15/09/2568 | R39: 17/09/2568 | S39: =IF(R39<>"", "Complete", IF(Q39<>"", "In progress", "")) -> Complete | T39: Complete | U39: 19/11/2568 | V39: 19/11/2568 | W39: =IF( AND( OR(M39=9,M39=18,M39=30), OR(G39="ภาคเหนือ",G39="ภาคใต้",G39="ภาคตะวันออก",G39="ภาคตะวันตก",G39="ภาคตะวันออกเฉียงเหนือ") ), IF(V39<>"","Complete",IF(U39<>"","In progress","")), "-" ) -> Complete | X39: 28/11/2568 | Y39: 17/10/2568 | AA39: =IF(Z39<>"", "Complete", IF(Y39<>"", "In progress", "")) -> In progress | AD39: 15/09/2568 | AE39: 244145 | AF39: =IF(AE39<>"", "Complete", IF(AD39<>"", "In progress", "")) -> Complete | AG39: 244206 | AH39: 15/10/2568 | AI39: =IF(AH39<>"", "Complete", IF(AG39<>"", "In progress", "")) -> Complete | AJ39: 22/01/2569 | AL39: =IF(AK39<>"", "Complete", IF(AJ39<>"", "In progress", "")) -> In progress | AT39: =IF(AQ39<>"", "Complete", IF(AP39<>"", "In progress", "")) | AX39: 244397 | AY39: 244417 | AZ39: =IF(AY39<>"", "Complete", IF(AX39<>"", "In progress", "")) -> Complete | BF39: =IF(BE39<>"", "Complete", IF(BD39<>"", "In progress", "")) | BI39: =IF(BH39<>"", "Complete", IF(BG39<>"", "In progress", ""))
A40: 46 | B40: หมู่ 9 เพชรมงคล | C40: ปางตาไว | D40: ปางศิลาทอง | E40: กำแพงเพชร | F40: เขต 3 (ส่วนแยกตาก) | G40: ภาคเหนือ | H40: ที่ทำการบ้าน ผญบ. | J40: 8 ปี | K40: P&S | L40: New Self-Support | M40: 9 | N40: 139.4 | O40: 16.03021 | P40: 99.37537 | Q40: 15/09/2568 | R40: 16/09/2568 | S40: =IF(R40<>"", "Complete", IF(Q40<>"", "In progress", "")) -> Complete | T40: Complete | U40: 19/11/2568 | V40: 19/11/2568 | W40: =IF( AND( OR(M40=9,M40=18,M40=30), OR(G40="ภาคเหนือ",G40="ภาคใต้",G40="ภาคตะวันออก",G40="ภาคตะวันตก",G40="ภาคตะวันออกเฉียงเหนือ") ), IF(V40<>"","Complete",IF(U40<>"","In progress","")), "-" ) -> Complete | X40: 28/11/2568 | Y40: 16/10/2568 | AA40: =IF(Z40<>"", "Complete", IF(Y40<>"", "In progress", "")) -> In progress | AD40: 15/09/2568 | AE40: 244145 | AF40: =IF(AE40<>"", "Complete", IF(AD40<>"", "In progress", "")) -> Complete | AG40: 244206 | AH40: 15/10/2568 | AI40: =IF(AH40<>"", "Complete", IF(AG40<>"", "In progress", "")) -> Complete | AJ40: 22/01/2569 | AL40: =IF(AK40<>"", "Complete", IF(AJ40<>"", "In progress", "")) -> In progress | AT40: =IF(AQ40<>"", "Complete", IF(AP40<>"", "In progress", "")) | AX40: 244397 | AY40: 244417 | AZ40: =IF(AY40<>"", "Complete", IF(AX40<>"", "In progress", "")) -> Complete | BF40: =IF(BE40<>"", "Complete", IF(BD40<>"", "In progress", "")) | BI40: =IF(BH40<>"", "Complete", IF(BG40<>"", "In progress", ""))
A41: 47 | B41: หมู่ 11 คำเจริญ | C41: ดงเมืองแอม | D41: เขาสวนกวาง | E41: ขอนแก่น | F41: เขต 6 (ขอนแก่น) | G41: ภาคตะวันออกเฉียงเหนือ | H41: ที่ทำการบ้าน ผญบ. | J41: 15 ปี | K41: Myset | L41: New Self-Support | M41: 9 | N41: 198 | O41: 16.904047 | P41: 102.74368 | Q41: 15/09/2568 | R41: 16/09/2568 | S41: =IF(R41<>"", "Complete", IF(Q41<>"", "In progress", "")) -> Complete | T41: Complete | U41: 19/11/2568 | V41: 19/11/2568 | W41: =IF( AND( OR(M41=9,M41=18,M41=30), OR(G41="ภาคเหนือ",G41="ภาคใต้",G41="ภาคตะวันออก",G41="ภาคตะวันตก",G41="ภาคตะวันออกเฉียงเหนือ") ), IF(V41<>"","Complete",IF(U41<>"","In progress","")), "-" ) -> Complete | X41: 28/11/2568 | Y41: 16/10/2568 | AA41: =IF(Z41<>"", "Complete", IF(Y41<>"", "In progress", "")) -> In progress | AD41: 15/09/2568 | AE41: 244145 | AF41: =IF(AE41<>"", "Complete", IF(AD41<>"", "In progress", "")) -> Complete | AG41: 244206 | AH41: 15/10/2568 | AI41: =IF(AH41<>"", "Complete", IF(AG41<>"", "In progress", "")) -> Complete | AJ41: 22/01/2569 | AL41: =IF(AK41<>"", "Complete", IF(AJ41<>"", "In progress", "")) -> In progress | AT41: =IF(AQ41<>"", "Complete", IF(AP41<>"", "In progress", "")) | AX41: 244398 | AY41: 244429 | AZ41: =IF(AY41<>"", "Complete", IF(AX41<>"", "In progress", "")) -> Complete | BF41: =IF(BE41<>"", "Complete", IF(BD41<>"", "In progress", "")) | BI41: =IF(BH41<>"", "Complete", IF(BG41<>"", "In progress", ""))
A42: 48 | B42: หมู่ 12 คำแคน | C42: ดงเมืองแอม | D42: เขาสวนกวาง | E42: ขอนแก่น | F42: เขต 6 (ขอนแก่น) | G42: ภาคตะวันออกเฉียงเหนือ | H42: ที่ทำการบ้าน ผญบ. | I42: ที่ทำการบ้านผู้ช่วย ผญบ. | J42: 8 ปี | K42: Myset | L42: New Self-Support | M42: 9 | N42: 200 | O42: 16.90727 | P42: 102.75486 | Q42: 15/09/2568 | R42: 16/09/2568 | S42: =IF(R42<>"", "Complete", IF(Q42<>"", "In progress", "")) -> Complete | T42: Complete | U42: 19/11/2568 | V42: 19/11/2568 | W42: =IF( AND( OR(M42=9,M42=18,M42=30), OR(G42="ภาคเหนือ",G42="ภาคใต้",G42="ภาคตะวันออก",G42="ภาคตะวันตก",G42="ภาคตะวันออกเฉียงเหนือ") ), IF(V42<>"","Complete",IF(U42<>"","In progress","")), "-" ) -> Complete | X42: 28/11/2568 | Y42: 16/10/2568 | AA42: =IF(Z42<>"", "Complete", IF(Y42<>"", "In progress", "")) -> In progress | AD42: 15/09/2568 | AE42: 244145 | AF42: =IF(AE42<>"", "Complete", IF(AD42<>"", "In progress", "")) -> Complete | AG42: 244206 | AH42: 15/10/2568 | AI42: =IF(AH42<>"", "Complete", IF(AG42<>"", "In progress", "")) -> Complete | AJ42: 22/01/2569 | AL42: =IF(AK42<>"", "Complete", IF(AJ42<>"", "In progress", "")) -> In progress | AT42: =IF(AQ42<>"", "Complete", IF(AP42<>"", "In progress", "")) | AX42: 244398 | AY42: 244429 | AZ42: =IF(AY42<>"", "Complete", IF(AX42<>"", "In progress", "")) -> Complete | BF42: =IF(BE42<>"", "Complete", IF(BD42<>"", "In progress", "")) | BI42: =IF(BH42<>"", "Complete", IF(BG42<>"", "In progress", ""))
A43: 49 | B43: หมู่ 6 โคกสูง | C43: ดงเมืองแอม | D43: เขาสวนกวาง | E43: ขอนแก่น | F43: เขต 6 (ขอนแก่น) | G43: ภาคตะวันออกเฉียงเหนือ | H43: ที่ทำการบ้าน ผญบ. | J43: 2 ปี | K43: Myset | L43: New Self-Support | M43: 9 | N43: 205 | O43: 16.867854 | P43: 102.73596 | Q43: 15/09/2568 | R43: 16/09/2568 | S43: =IF(R43<>"", "Complete", IF(Q43<>"", "In progress", "")) -> Complete | T43: Complete | U43: 19/11/2568 | V43: 19/11/2568 | W43: =IF( AND( OR(M43=9,M43=18,M43=30), OR(G43="ภาคเหนือ",G43="ภาคใต้",G43="ภาคตะวันออก",G43="ภาคตะวันตก",G43="ภาคตะวันออกเฉียงเหนือ") ), IF(V43<>"","Complete",IF(U43<>"","In progress","")), "-" ) -> Complete | X43: 28/11/2568 | Y43: 16/10/2568 | AA43: =IF(Z43<>"", "Complete", IF(Y43<>"", "In progress", "")) -> In progress | AD43: 15/09/2568 | AE43: 244145 | AF43: =IF(AE43<>"", "Complete", IF(AD43<>"", "In progress", "")) -> Complete | AG43: 244206 | AH43: 15/10/2568 | AI43: =IF(AH43<>"", "Complete", IF(AG43<>"", "In progress", "")) -> Complete | AJ43: 22/01/2569 | AL43: =IF(AK43<>"", "Complete", IF(AJ43<>"", "In progress", "")) -> In progress | AT43: =IF(AQ43<>"", "Complete", IF(AP43<>"", "In progress", "")) | AX43: 244402 | AY43: 244431 | AZ43: =IF(AY43<>"", "Complete", IF(AX43<>"", "In progress", "")) -> Complete | BF43: =IF(BE43<>"", "Complete", IF(BD43<>"", "In progress", "")) | BI43: =IF(BH43<>"", "Complete", IF(BG43<>"", "In progress", ""))
A44: 50 | B44: หมู่ 7 หนองแวงเรือ | C44: ดงเมืองแอม | D44: เขาสวนกวาง | E44: ขอนแก่น | F44: เขต 6 (ขอนแก่น) | G44: ภาคตะวันออกเฉียงเหนือ | H44: ที่ทำการบ้าน ผญบ. | J44: 2 ปี | K44: Myset | L44: New Self-Support | M44: 9 | N44: 181 | O44: 16.843475 | P44: 102.74333 | Q44: 15/09/2568 | R44: 16/09/2568 | S44: =IF(R44<>"", "Complete", IF(Q44<>"", "In progress", "")) -> Complete | T44: Complete | U44: 19/11/2568 | V44: 19/11/2568 | W44: =IF( AND( OR(M44=9,M44=18,M44=30), OR(G44="ภาคเหนือ",G44="ภาคใต้",G44="ภาคตะวันออก",G44="ภาคตะวันตก",G44="ภาคตะวันออกเฉียงเหนือ") ), IF(V44<>"","Complete",IF(U44<>"","In progress","")), "-" ) -> Complete | X44: 28/11/2568 | Y44: 16/10/2568 | AA44: =IF(Z44<>"", "Complete", IF(Y44<>"", "In progress", "")) -> In progress | AD44: 15/09/2568 | AE44: 244145 | AF44: =IF(AE44<>"", "Complete", IF(AD44<>"", "In progress", "")) -> Complete | AG44: 244206 | AH44: 15/10/2568 | AI44: =IF(AH44<>"", "Complete", IF(AG44<>"", "In progress", "")) -> Complete | AJ44: 22/01/2569 | AL44: =IF(AK44<>"", "Complete", IF(AJ44<>"", "In progress", "")) -> In progress | AT44: =IF(AQ44<>"", "Complete", IF(AP44<>"", "In progress", "")) | AX44: 244402 | AY44: 244430 | AZ44: =IF(AY44<>"", "Complete", IF(AX44<>"", "In progress", "")) -> Complete | BF44: =IF(BE44<>"", "Complete", IF(BD44<>"", "In progress", "")) | BI44: =IF(BH44<>"", "Complete", IF(BG44<>"", "In progress", ""))
A45: 51 | B45: หมู่ 3 โนนสวรรค์ | C45: นางิ้ว | D45: เขาสวนกวาง | E45: ขอนแก่น | F45: เขต 6 (ขอนแก่น) | G45: ภาคตะวันออกเฉียงเหนือ | H45: ที่ทำการบ้าน ผญบ. | J45: 3 ปี | K45: Myset | L45: New Self-Support | M45: 9 | N45: 218 | O45: 16.95527 | P45: 102.77286 | Q45: 15/09/2568 | R45: 16/09/2568 | S45: =IF(R45<>"", "Complete", IF(Q45<>"", "In progress", "")) -> Complete | T45: Complete | U45: 19/11/2568 | V45: 19/11/2568 | W45: =IF( AND( OR(M45=9,M45=18,M45=30), OR(G45="ภาคเหนือ",G45="ภาคใต้",G45="ภาคตะวันออก",G45="ภาคตะวันตก",G45="ภาคตะวันออกเฉียงเหนือ") ), IF(V45<>"","Complete",IF(U45<>"","In progress","")), "-" ) -> Complete | X45: 28/11/2568 | Y45: 16/10/2568 | AA45: =IF(Z45<>"", "Complete", IF(Y45<>"", "In progress", "")) -> In progress | AD45: 15/09/2568 | AE45: 244145 | AF45: =IF(AE45<>"", "Complete", IF(AD45<>"", "In progress", "")) -> Complete | AG45: 244206 | AH45: 15/10/2568 | AI45: =IF(AH45<>"", "Complete", IF(AG45<>"", "In progress", "")) -> Complete | AJ45: 22/01/2569 | AL45: =IF(AK45<>"", "Complete", IF(AJ45<>"", "In progress", "")) -> In progress | AT45: =IF(AQ45<>"", "Complete", IF(AP45<>"", "In progress", "")) | AX45: 244394 | AY45: 244431 | AZ45: =IF(AY45<>"", "Complete", IF(AX45<>"", "In progress", "")) -> Complete | BF45: =IF(BE45<>"", "Complete", IF(BD45<>"", "In progress", "")) | BI45: =IF(BH45<>"", "Complete", IF(BG45<>"", "In progress", ""))
A46: 52 | B46: หมู่ 4 แสงสว่าง | C46: นางิ้ว | D46: เขาสวนกวาง | E46: ขอนแก่น | F46: เขต 6 (ขอนแก่น) | G46: ภาคตะวันออกเฉียงเหนือ | H46: ที่ทำการบ้าน ผญบ. | J46: 21 ปี | K46: Myset | L46: New Self-Support | M46: 9 | N46: 214 | O46: 16.961724 | P46: 102.75343 | Q46: 15/09/2568 | R46: 17/09/2568 | S46: =IF(R46<>"", "Complete", IF(Q46<>"", "In progress", "")) -> Complete | T46: Complete | U46: 19/11/2568 | V46: 19/11/2568 | W46: =IF( AND( OR(M46=9,M46=18,M46=30), OR(G46="ภาคเหนือ",G46="ภาคใต้",G46="ภาคตะวันออก",G46="ภาคตะวันตก",G46="ภาคตะวันออกเฉียงเหนือ") ), IF(V46<>"","Complete",IF(U46<>"","In progress","")), "-" ) -> Complete | X46: 28/11/2568 | Y46: 17/10/2568 | AA46: =IF(Z46<>"", "Complete", IF(Y46<>"", "In progress", "")) -> In progress | AD46: 15/09/2568 | AE46: 244145 | AF46: =IF(AE46<>"", "Complete", IF(AD46<>"", "In progress", "")) -> Complete | AG46: 244206 | AH46: 15/10/2568 | AI46: =IF(AH46<>"", "Complete", IF(AG46<>"", "In progress", "")) -> Complete | AJ46: 22/01/2569 | AL46: =IF(AK46<>"", "Complete", IF(AJ46<>"", "In progress", "")) -> In progress | AT46: =IF(AQ46<>"", "Complete", IF(AP46<>"", "In progress", "")) | AX46: 244394 | AY46: 244430 | AZ46: =IF(AY46<>"", "Complete", IF(AX46<>"", "In progress", "")) -> Complete | BF46: =IF(BE46<>"", "Complete", IF(BD46<>"", "In progress", "")) | BI46: =IF(BH46<>"", "Complete", IF(BG46<>"", "In progress", ""))
A47: 53 | B47: หมู่ 6 ขามป้อม | C47: นางิ้ว | D47: เขาสวนกวาง | E47: ขอนแก่น | F47: เขต 6 (ขอนแก่น) | G47: ภาคตะวันออกเฉียงเหนือ | H47: ที่ทำการบ้าน ผญบ. | J47: 4 ปี | K47: Myset | L47: New Self-Support | M47: 9 | N47: 216 | O47: 16.966858 | P47: 102.74177 | Q47: 15/09/2568 | R47: 17/09/2568 | S47: =IF(R47<>"", "Complete", IF(Q47<>"", "In progress", "")) -> Complete | T47: Complete | U47: 19/11/2568 | V47: 19/11/2568 | W47: =IF( AND( OR(M47=9,M47=18,M47=30), OR(G47="ภาคเหนือ",G47="ภาคใต้",G47="ภาคตะวันออก",G47="ภาคตะวันตก",G47="ภาคตะวันออกเฉียงเหนือ") ), IF(V47<>"","Complete",IF(U47<>"","In progress","")), "-" ) -> Complete | X47: 28/11/2568 | Y47: 17/10/2568 | AA47: =IF(Z47<>"", "Complete", IF(Y47<>"", "In progress", "")) -> In progress | AD47: 15/09/2568 | AE47: 244145 | AF47: =IF(AE47<>"", "Complete", IF(AD47<>"", "In progress", "")) -> Complete | AG47: 244206 | AH47: 15/10/2568 | AI47: =IF(AH47<>"", "Complete", IF(AG47<>"", "In progress", "")) -> Complete | AJ47: 22/01/2569 | AL47: =IF(AK47<>"", "Complete", IF(AJ47<>"", "In progress", "")) -> In progress | AT47: =IF(AQ47<>"", "Complete", IF(AP47<>"", "In progress", "")) | AX47: 244390 | AY47: 244430 | AZ47: =IF(AY47<>"", "Complete", IF(AX47<>"", "In progress", "")) -> Complete | BF47: =IF(BE47<>"", "Complete", IF(BD47<>"", "In progress", "")) | BI47: =IF(BH47<>"", "Complete", IF(BG47<>"", "In progress", ""))
A48: 54 | B48: หมู่ 10 วังน้ำทิพย์ | C48: โนนสมบูรณ์ | D48: เขาสวนกวาง | E48: ขอนแก่น | F48: เขต 6 (ขอนแก่น) | G48: ภาคตะวันออกเฉียงเหนือ | H48: ที่ทำการบ้าน ผญบ. | J48: 2 ปี | K48: Myset | L48: New Self-Support | M48: 9 | N48: 225 | O48: 17.01105 | P48: 102.74861 | Q48: 15/09/2568 | R48: 17/09/2568 | S48: =IF(R48<>"", "Complete", IF(Q48<>"", "In progress", "")) -> Complete | T48: Complete | U48: 19/11/2568 | V48: 19/11/2568 | W48: =IF( AND( OR(M48=9,M48=18,M48=30), OR(G48="ภาคเหนือ",G48="ภาคใต้",G48="ภาคตะวันออก",G48="ภาคตะวันตก",G48="ภาคตะวันออกเฉียงเหนือ") ), IF(V48<>"","Complete",IF(U48<>"","In progress","")), "-" ) -> Complete | X48: 28/11/2568 | Y48: 17/10/2568 | AA48: =IF(Z48<>"", "Complete", IF(Y48<>"", "In progress", "")) -> In progress | AD48: 15/09/2568 | AE48: 244145 | AF48: =IF(AE48<>"", "Complete", IF(AD48<>"", "In progress", "")) -> Complete | AG48: 244206 | AH48: 15/10/2568 | AI48: =IF(AH48<>"", "Complete", IF(AG48<>"", "In progress", "")) -> Complete | AJ48: 22/01/2569 | AL48: =IF(AK48<>"", "Complete", IF(AJ48<>"", "In progress", "")) -> In progress | AT48: =IF(AQ48<>"", "Complete", IF(AP48<>"", "In progress", "")) | AX48: 244390 | AY48: 244430 | AZ48: =IF(AY48<>"", "Complete", IF(AX48<>"", "In progress", "")) -> Complete | BF48: =IF(BE48<>"", "Complete", IF(BD48<>"", "In progress", "")) | BI48: =IF(BH48<>"", "Complete", IF(BG48<>"", "In progress", ""))
A49: 55 | B49: หมู่ 2 โนนสมบูรณ์ | C49: โนนสมบูรณ์ | D49: เขาสวนกวาง | E49: ขอนแก่น | F49: เขต 6 (ขอนแก่น) | G49: ภาคตะวันออกเฉียงเหนือ | H49: ที่ทำการบ้าน ผญบ. | J49: 8 ปี | K49: Myset | L49: New Self-Support | M49: 9 | N49: 253 | O49: 17.000993 | P49: 102.75832 | Q49: 15/09/2568 | R49: 17/09/2568 | S49: =IF(R49<>"", "Complete", IF(Q49<>"", "In progress", "")) -> Complete | T49: Complete | U49: 19/11/2568 | V49: 19/11/2568 | W49: =IF( AND( OR(M49=9,M49=18,M49=30), OR(G49="ภาคเหนือ",G49="ภาคใต้",G49="ภาคตะวันออก",G49="ภาคตะวันตก",G49="ภาคตะวันออกเฉียงเหนือ") ), IF(V49<>"","Complete",IF(U49<>"","In progress","")), "-" ) -> Complete | X49: 28/11/2568 | Y49: 17/10/2568 | AA49: =IF(Z49<>"", "Complete", IF(Y49<>"", "In progress", "")) -> In progress | AD49: 15/09/2568 | AE49: 244145 | AF49: =IF(AE49<>"", "Complete", IF(AD49<>"", "In progress", "")) -> Complete | AG49: 244206 | AH49: 15/10/2568 | AI49: =IF(AH49<>"", "Complete", IF(AG49<>"", "In progress", "")) -> Complete | AJ49: 22/01/2569 | AL49: =IF(AK49<>"", "Complete", IF(AJ49<>"", "In progress", "")) -> In progress | AT49: =IF(AQ49<>"", "Complete", IF(AP49<>"", "In progress", "")) | AX49: 244390 | AY49: 244430 | AZ49: =IF(AY49<>"", "Complete", IF(AX49<>"", "In progress", "")) -> Complete | BF49: =IF(BE49<>"", "Complete", IF(BD49<>"", "In progress", "")) | BI49: =IF(BH49<>"", "Complete", IF(BG49<>"", "In progress", ""))
A50: 56 | B50: หมู่ 3 คำป่าก่อ | C50: โนนสมบูรณ์ | D50: เขาสวนกวาง | E50: ขอนแก่น | F50: เขต 6 (ขอนแก่น) | G50: ภาคตะวันออกเฉียงเหนือ | H50: ที่ทำการบ้าน ผญบ. | J50: 4 ปี | K50: Myset | L50: New Self-Support | M50: 9 | N50: 228 | O50: 17.017864 | P50: 102.77453 | Q50: 15/09/2568 | R50: 17/09/2568 | S50: =IF(R50<>"", "Complete", IF(Q50<>"", "In progress", "")) -> Complete | T50: Complete | U50: 19/11/2568 | V50: 19/11/2568 | W50: =IF( AND( OR(M50=9,M50=18,M50=30), OR(G50="ภาคเหนือ",G50="ภาคใต้",G50="ภาคตะวันออก",G50="ภาคตะวันตก",G50="ภาคตะวันออกเฉียงเหนือ") ), IF(V50<>"","Complete",IF(U50<>"","In progress","")), "-" ) -> Complete | X50: 28/11/2568 | Y50: 17/10/2568 | AA50: =IF(Z50<>"", "Complete", IF(Y50<>"", "In progress", "")) -> In progress | AD50: 15/09/2568 | AE50: 244145 | AF50: =IF(AE50<>"", "Complete", IF(AD50<>"", "In progress", "")) -> Complete | AG50: 244206 | AH50: 15/10/2568 | AI50: =IF(AH50<>"", "Complete", IF(AG50<>"", "In progress", "")) -> Complete | AJ50: 22/01/2569 | AL50: =IF(AK50<>"", "Complete", IF(AJ50<>"", "In progress", "")) -> In progress | AT50: =IF(AQ50<>"", "Complete", IF(AP50<>"", "In progress", "")) | AX50: 244390 | AY50: 244430 | AZ50: =IF(AY50<>"", "Complete", IF(AX50<>"", "In progress", "")) -> Complete | BF50: =IF(BE50<>"", "Complete", IF(BD50<>"", "In progress", "")) | BI50: =IF(BH50<>"", "Complete", IF(BG50<>"", "In progress", ""))
A51: 57 | B51: หมู่ 4 โนนเจริญ | C51: โนนสมบูรณ์ | D51: เขาสวนกวาง | E51: ขอนแก่น | F51: เขต 6 (ขอนแก่น) | G51: ภาคตะวันออกเฉียงเหนือ | H51: ที่ทำการบ้าน ผญบ. | J51: 9 ปี | K51: Myset | L51: Self-Support | M51: 18 | N51: 228 | O51: 17.010202 | P51: 102.76179 | Q51: 15/09/2568 | R51: 17/09/2568 | S51: =IF(R51<>"", "Complete", IF(Q51<>"", "In progress", "")) -> Complete | T51: Complete | U51: 23/11/2568 | V51: 23/11/2568 | W51: =IF( AND( OR(M51=9,M51=18,M51=30), OR(G51="ภาคเหนือ",G51="ภาคใต้",G51="ภาคตะวันออก",G51="ภาคตะวันตก",G51="ภาคตะวันออกเฉียงเหนือ") ), IF(V51<>"","Complete",IF(U51<>"","In progress","")), "-" ) -> Complete | X51: 28/11/2568 | Y51: 17/10/2568 | AA51: =IF(Z51<>"", "Complete", IF(Y51<>"", "In progress", "")) -> In progress | AD51: 15/10/2568 | AE51: 21/10/2568 | AF51: =IF(AE51<>"", "Complete", IF(AD51<>"", "In progress", "")) -> Complete | AG51: 14/11/2568 | AH51: 26/11/2568 | AI51: =IF(AH51<>"", "Complete", IF(AG51<>"", "In progress", "")) -> Complete | AJ51: 244470 | AK51: 244470 | AL51: =IF(AK51<>"", "Complete", IF(AJ51<>"", "In progress", "")) -> Complete | AN51: 20/1/2569 | AO51: 27/1/2569 | AT51: =IF(AQ51<>"", "Complete", IF(AP51<>"", "In progress", "")) | AX51: 244371 | AY51: 244385 | AZ51: =IF(AY51<>"", "Complete", IF(AX51<>"", "In progress", "")) -> Complete | BF51: =IF(BE51<>"", "Complete", IF(BD51<>"", "In progress", "")) | BI51: =IF(BH51<>"", "Complete", IF(BG51<>"", "In progress", ""))
A52: 58 | B52: หมู่ 5 หัวฝาย | C52: โนนสมบูรณ์ | D52: เขาสวนกวาง | E52: ขอนแก่น | F52: เขต 6 (ขอนแก่น) | G52: ภาคตะวันออกเฉียงเหนือ | H52: ที่ทำการบ้าน ผญบ. | J52: 9 ปี | K52: Myset | L52: New Self-Support | M52: 9 | N52: 199 | O52: 16.990219 | P52: 102.73868 | Q52: 15/09/2568 | R52: 17/09/2568 | S52: =IF(R52<>"", "Complete", IF(Q52<>"", "In progress", "")) -> Complete | T52: Complete | U52: 19/11/2568 | V52: 19/11/2568 | W52: =IF( AND( OR(M52=9,M52=18,M52=30), OR(G52="ภาคเหนือ",G52="ภาคใต้",G52="ภาคตะวันออก",G52="ภาคตะวันตก",G52="ภาคตะวันออกเฉียงเหนือ") ), IF(V52<>"","Complete",IF(U52<>"","In progress","")), "-" ) -> Complete | X52: 28/11/2568 | Y52: 17/10/2568 | AA52: =IF(Z52<>"", "Complete", IF(Y52<>"", "In progress", "")) -> In progress | AD52: 15/09/2568 | AE52: 244145 | AF52: =IF(AE52<>"", "Complete", IF(AD52<>"", "In progress", "")) -> Complete | AG52: 244206 | AH52: 15/10/2568 | AI52: =IF(AH52<>"", "Complete", IF(AG52<>"", "In progress", "")) -> Complete | AJ52: 22/01/2569 | AL52: =IF(AK52<>"", "Complete", IF(AJ52<>"", "In progress", "")) -> In progress | AT52: =IF(AQ52<>"", "Complete", IF(AP52<>"", "In progress", "")) | AX52: 244415 | AY52: 244430 | AZ52: Complete | BF52: =IF(BE52<>"", "Complete", IF(BD52<>"", "In progress", "")) | BI52: =IF(BH52<>"", "Complete", IF(BG52<>"", "In progress", ""))
A53: 59 | B53: หมู่ 10 หนองแวง | C53: นาคำ | D53: อุบลรัตน์ | E53: ขอนแก่น | F53: เขต 6 (ขอนแก่น) | G53: ภาคตะวันออกเฉียงเหนือ | H53: ที่ทำการบ้าน กำนัน | J53: 4 ปี | K53: Myset | L53: New Self-Support | M53: 9 | N53: 187 | O53: 16.83252 | P53: 102.7134 | Q53: 15/09/2568 | R53: 18/09/2568 | S53: =IF(R53<>"", "Complete", IF(Q53<>"", "In progress", "")) -> Complete | T53: Complete | U53: 19/11/2568 | V53: 19/11/2568 | W53: =IF( AND( OR(M53=9,M53=18,M53=30), OR(G53="ภาคเหนือ",G53="ภาคใต้",G53="ภาคตะวันออก",G53="ภาคตะวันตก",G53="ภาคตะวันออกเฉียงเหนือ") ), IF(V53<>"","Complete",IF(U53<>"","In progress","")), "-" ) -> Complete | X53: 28/11/2568 | Y53: 18/10/2568 | AA53: =IF(Z53<>"", "Complete", IF(Y53<>"", "In progress", "")) -> In progress | AD53: 15/09/2568 | AE53: 244145 | AF53: =IF(AE53<>"", "Complete", IF(AD53<>"", "In progress", "")) -> Complete | AG53: 244206 | AH53: 15/10/2568 | AI53: =IF(AH53<>"", "Complete", IF(AG53<>"", "In progress", "")) -> Complete | AJ53: 22/01/2569 | AL53: =IF(AK53<>"", "Complete", IF(AJ53<>"", "In progress", "")) -> In progress | AT53: =IF(AQ53<>"", "Complete", IF(AP53<>"", "In progress", "")) | AX53: 244406 | AY53: 244431 | AZ53: =IF(AY53<>"", "Complete", IF(AX53<>"", "In progress", "")) -> Complete | BF53: =IF(BE53<>"", "Complete", IF(BD53<>"", "In progress", "")) | BI53: =IF(BH53<>"", "Complete", IF(BG53<>"", "In progress", ""))
A54: 60 | B54: หมู่ 12 นาคำน้อย | C54: นาคำ | D54: อุบลรัตน์ | E54: ขอนแก่น | F54: เขต 6 (ขอนแก่น) | G54: ภาคตะวันออกเฉียงเหนือ | H54: ที่ทำการบ้าน ผญบ. | I54: ที่ทำการบ้าน ผญบ. คนใหม่ | J54: 17 ปี | K54: Myset | L54: New Self-Support | M54: 9 | N54: 182 | O54: 16.86132 | P54: 102.68295 | Q54: 15/09/2568 | R54: 18/09/2568 | S54: =IF(R54<>"", "Complete", IF(Q54<>"", "In progress", "")) -> Complete | T54: Complete | U54: 19/11/2568 | V54: 19/11/2568 | W54: =IF( AND( OR(M54=9,M54=18,M54=30), OR(G54="ภาคเหนือ",G54="ภาคใต้",G54="ภาคตะวันออก",G54="ภาคตะวันตก",G54="ภาคตะวันออกเฉียงเหนือ") ), IF(V54<>"","Complete",IF(U54<>"","In progress","")), "-" ) -> Complete | X54: 28/11/2568 | Y54: 18/10/2568 | AA54: =IF(Z54<>"", "Complete", IF(Y54<>"", "In progress", "")) -> In progress | AD54: 15/09/2568 | AE54: 244145 | AF54: =IF(AE54<>"", "Complete", IF(AD54<>"", "In progress", "")) -> Complete | AG54: 244206 | AH54: 15/10/2568 | AI54: =IF(AH54<>"", "Complete", IF(AG54<>"", "In progress", "")) -> Complete | AJ54: 22/01/2569 | AL54: =IF(AK54<>"", "Complete", IF(AJ54<>"", "In progress", "")) -> In progress | AT54: =IF(AQ54<>"", "Complete", IF(AP54<>"", "In progress", "")) | AX54: 244406 | AY54: 244431 | AZ54: =IF(AY54<>"", "Complete", IF(AX54<>"", "In progress", "")) -> Complete | BF54: =IF(BE54<>"", "Complete", IF(BD54<>"", "In progress", "")) | BI54: =IF(BH54<>"", "Complete", IF(BG54<>"", "In progress", ""))
A55: 61 | B55: หมู่ 13 หนองแวงใหม่ | C55: นาคำ | D55: อุบลรัตน์ | E55: ขอนแก่น | F55: เขต 6 (ขอนแก่น) | G55: ภาคตะวันออกเฉียงเหนือ | H55: ที่ทำการบ้าน ผญบ. | J55: 9 ปี | K55: Myset | L55: New Self-Support | M55: 9 | N55: 196 | O55: 16.829919 | P55: 102.71573 | Q55: 15/09/2568 | R55: 18/09/2568 | S55: =IF(R55<>"", "Complete", IF(Q55<>"", "In progress", "")) -> Complete | T55: Complete | U55: 19/11/2568 | V55: 19/11/2568 | W55: =IF( AND( OR(M55=9,M55=18,M55=30), OR(G55="ภาคเหนือ",G55="ภาคใต้",G55="ภาคตะวันออก",G55="ภาคตะวันตก",G55="ภาคตะวันออกเฉียงเหนือ") ), IF(V55<>"","Complete",IF(U55<>"","In progress","")), "-" ) -> Complete | X55: 28/11/2568 | Y55: 18/10/2568 | AA55: =IF(Z55<>"", "Complete", IF(Y55<>"", "In progress", "")) -> In progress | AD55: 15/09/2568 | AE55: 244145 | AF55: =IF(AE55<>"", "Complete", IF(AD55<>"", "In progress", "")) -> Complete | AG55: 244206 | AH55: 15/10/2568 | AI55: =IF(AH55<>"", "Complete", IF(AG55<>"", "In progress", "")) -> Complete | AJ55: 22/01/2569 | AL55: =IF(AK55<>"", "Complete", IF(AJ55<>"", "In progress", "")) -> In progress | AT55: =IF(AQ55<>"", "Complete", IF(AP55<>"", "In progress", "")) | AX55: 244406 | AY55: 244431 | AZ55: =IF(AY55<>"", "Complete", IF(AX55<>"", "In progress", "")) -> Complete | BF55: =IF(BE55<>"", "Complete", IF(BD55<>"", "In progress", "")) | BI55: =IF(BH55<>"", "Complete", IF(BG55<>"", "In progress", ""))
A56: 62 | B56: หมู่ 2 โนนราศรี | C56: นาคำ | D56: อุบลรัตน์ | E56: ขอนแก่น | F56: เขต 6 (ขอนแก่น) | G56: ภาคตะวันออกเฉียงเหนือ | H56: ศาลาประชาคม | I56: ที่ทำการบ้าน ผญบ. คนใหม่ | J56: 4 เดือน | K56: Myset | L56: New Self-Support | M56: 9 | N56: 206 | O56: 16.866067 | P56: 102.69626 | Q56: 15/09/2568 | R56: 18/09/2568 | S56: =IF(R56<>"", "Complete", IF(Q56<>"", "In progress", "")) -> Complete | T56: Complete | U56: 19/11/2568 | V56: 19/11/2568 | W56: =IF( AND( OR(M56=9,M56=18,M56=30), OR(G56="ภาคเหนือ",G56="ภาคใต้",G56="ภาคตะวันออก",G56="ภาคตะวันตก",G56="ภาคตะวันออกเฉียงเหนือ") ), IF(V56<>"","Complete",IF(U56<>"","In progress","")), "-" ) -> Complete | X56: 28/11/2568 | Y56: 18/10/2568 | AA56: =IF(Z56<>"", "Complete", IF(Y56<>"", "In progress", "")) -> In progress | AD56: 15/09/2568 | AE56: 244145 | AF56: =IF(AE56<>"", "Complete", IF(AD56<>"", "In progress", "")) -> Complete | AG56: 244206 | AH56: 15/10/2568 | AI56: =IF(AH56<>"", "Complete", IF(AG56<>"", "In progress", "")) -> Complete | AJ56: 22/01/2569 | AL56: =IF(AK56<>"", "Complete", IF(AJ56<>"", "In progress", "")) -> In progress | AT56: =IF(AQ56<>"", "Complete", IF(AP56<>"", "In progress", "")) | AX56: 244410 | AY56: 244429 | AZ56: =IF(AY56<>"", "Complete", IF(AX56<>"", "In progress", "")) -> Complete | BF56: =IF(BE56<>"", "Complete", IF(BD56<>"", "In progress", "")) | BI56: =IF(BH56<>"", "Complete", IF(BG56<>"", "In progress", ""))
A57: 63 | B57: หมู่ 4 หนองไหล | C57: นาคำ | D57: อุบลรัตน์ | E57: ขอนแก่น | F57: เขต 6 (ขอนแก่น) | G57: ภาคตะวันออกเฉียงเหนือ | H57: ที่ทำการบ้าน ผญบ. | J57: 22 ปี | K57: Myset | L57: New Self-Support | M57: 9 | N57: 200 | O57: 16.882374 | P57: 102.67835 | Q57: 15/09/2568 | R57: 18/09/2568 | S57: =IF(R57<>"", "Complete", IF(Q57<>"", "In progress", "")) -> Complete | T57: Complete | U57: 19/11/2568 | V57: 19/11/2568 | W57: =IF( AND( OR(M57=9,M57=18,M57=30), OR(G57="ภาคเหนือ",G57="ภาคใต้",G57="ภาคตะวันออก",G57="ภาคตะวันตก",G57="ภาคตะวันออกเฉียงเหนือ") ), IF(V57<>"","Complete",IF(U57<>"","In progress","")), "-" ) -> Complete | X57: 28/11/2568 | Y57: 18/10/2568 | AA57: =IF(Z57<>"", "Complete", IF(Y57<>"", "In progress", "")) -> In progress | AD57: 15/09/2568 | AE57: 244145 | AF57: =IF(AE57<>"", "Complete", IF(AD57<>"", "In progress", "")) -> Complete | AG57: 244206 | AH57: 15/10/2568 | AI57: =IF(AH57<>"", "Complete", IF(AG57<>"", "In progress", "")) -> Complete | AJ57: 22/01/2569 | AL57: =IF(AK57<>"", "Complete", IF(AJ57<>"", "In progress", "")) -> In progress | AT57: =IF(AQ57<>"", "Complete", IF(AP57<>"", "In progress", "")) | AX57: 244410 | AY57: 244428 | AZ57: =IF(AY57<>"", "Complete", IF(AX57<>"", "In progress", "")) -> Complete | BF57: =IF(BE57<>"", "Complete", IF(BD57<>"", "In progress", "")) | BI57: =IF(BH57<>"", "Complete", IF(BG57<>"", "In progress", ""))
A58: 64 | B58: หมู่ 9 หนองขาม | C58: นาคำ | D58: อุบลรัตน์ | E58: ขอนแก่น | F58: เขต 6 (ขอนแก่น) | G58: ภาคตะวันออกเฉียงเหนือ | H58: ที่ทำการสารวัตรกำนัน | J58: 4 ปี | K58: Myset | L58: New Self-Support | M58: 9 | N58: 192 | O58: 16.833564 | P58: 102.7107 | Q58: 15/09/2568 | R58: 18/09/2568 | S58: =IF(R58<>"", "Complete", IF(Q58<>"", "In progress", "")) -> Complete | T58: Complete | U58: 19/11/2568 | V58: 19/11/2568 | W58: =IF( AND( OR(M58=9,M58=18,M58=30), OR(G58="ภาคเหนือ",G58="ภาคใต้",G58="ภาคตะวันออก",G58="ภาคตะวันตก",G58="ภาคตะวันออกเฉียงเหนือ") ), IF(V58<>"","Complete",IF(U58<>"","In progress","")), "-" ) -> Complete | X58: 28/11/2568 | Y58: 18/10/2568 | AA58: =IF(Z58<>"", "Complete", IF(Y58<>"", "In progress", "")) -> In progress | AD58: 15/09/2568 | AE58: 244145 | AF58: =IF(AE58<>"", "Complete", IF(AD58<>"", "In progress", "")) -> Complete | AG58: 244206 | AH58: 15/10/2568 | AI58: =IF(AH58<>"", "Complete", IF(AG58<>"", "In progress", "")) -> Complete | AJ58: 22/01/2569 | AL58: =IF(AK58<>"", "Complete", IF(AJ58<>"", "In progress", "")) -> In progress | AT58: =IF(AQ58<>"", "Complete", IF(AP58<>"", "In progress", "")) | AX58: 244406 | AY58: 244431 | AZ58: =IF(AY58<>"", "Complete", IF(AX58<>"", "In progress", "")) -> Complete | BF58: =IF(BE58<>"", "Complete", IF(BD58<>"", "In progress", "")) | BI58: =IF(BH58<>"", "Complete", IF(BG58<>"", "In progress", ""))
A59: 65 | B59: หมู่ 1 ศรีสุข | C59: ศรีสุขสำราญ | D59: อุบลรัตน์ | E59: ขอนแก่น | F59: เขต 6 (ขอนแก่น) | G59: ภาคตะวันออกเฉียงเหนือ | H59: ที่ทำการบ้าน ผญบ. | J59: 3 ปี | K59: Myset | L59: New Self-Support | M59: 9 | N59: 174 | O59: 16.916338 | P59: 102.72644 | Q59: 15/09/2568 | R59: 19/09/2568 | S59: =IF(R59<>"", "Complete", IF(Q59<>"", "In progress", "")) -> Complete | T59: Complete | U59: 19/11/2568 | V59: 19/11/2568 | W59: =IF( AND( OR(M59=9,M59=18,M59=30), OR(G59="ภาคเหนือ",G59="ภาคใต้",G59="ภาคตะวันออก",G59="ภาคตะวันตก",G59="ภาคตะวันออกเฉียงเหนือ") ), IF(V59<>"","Complete",IF(U59<>"","In progress","")), "-" ) -> Complete | X59: 28/11/2568 | Y59: 19/10/2568 | AA59: =IF(Z59<>"", "Complete", IF(Y59<>"", "In progress", "")) -> In progress | AD59: 15/09/2568 | AE59: 244145 | AF59: =IF(AE59<>"", "Complete", IF(AD59<>"", "In progress", "")) -> Complete | AG59: 244206 | AH59: 15/10/2568 | AI59: =IF(AH59<>"", "Complete", IF(AG59<>"", "In progress", "")) -> Complete | AJ59: 22/01/2569 | AL59: =IF(AK59<>"", "Complete", IF(AJ59<>"", "In progress", "")) -> In progress | AT59: =IF(AQ59<>"", "Complete", IF(AP59<>"", "In progress", "")) | AX59: 244398 | AY59: 244427 | AZ59: =IF(AY59<>"", "Complete", IF(AX59<>"", "In progress", "")) -> Complete | BF59: =IF(BE59<>"", "Complete", IF(BD59<>"", "In progress", "")) | BI59: =IF(BH59<>"", "Complete", IF(BG59<>"", "In progress", ""))
A60: 66 | B60: หมู่ 10 บ้านสำราญเหนือ | C60: ศรีสุขสำราญ | D60: อุบลรัตน์ | E60: ขอนแก่น | F60: เขต 6 (ขอนแก่น) | G60: ภาคตะวันออกเฉียงเหนือ | H60: ที่ทำการบ้าน ผญบ. | J60: 5 ปี | K60: Myset | L60: New Self-Support | M60: 9 | N60: 205 | O60: 16.922745 | P60: 102.73157 | Q60: 15/09/2568 | R60: 23/09/2568 | S60: =IF(R60<>"", "Complete", IF(Q60<>"", "In progress", "")) -> Complete | T60: Complete | U60: 19/11/2568 | V60: 19/11/2568 | W60: =IF( AND( OR(M60=9,M60=18,M60=30), OR(G60="ภาคเหนือ",G60="ภาคใต้",G60="ภาคตะวันออก",G60="ภาคตะวันตก",G60="ภาคตะวันออกเฉียงเหนือ") ), IF(V60<>"","Complete",IF(U60<>"","In progress","")), "-" ) -> Complete | X60: 28/11/2568 | Y60: 23/10/2568 | AA60: =IF(Z60<>"", "Complete", IF(Y60<>"", "In progress", "")) -> In progress | AD60: 15/09/2568 | AE60: 244145 | AF60: =IF(AE60<>"", "Complete", IF(AD60<>"", "In progress", "")) -> Complete | AG60: 244206 | AH60: 15/10/2568 | AI60: =IF(AH60<>"", "Complete", IF(AG60<>"", "In progress", "")) -> Complete | AJ60: 22/01/2569 | AL60: =IF(AK60<>"", "Complete", IF(AJ60<>"", "In progress", "")) -> In progress | AT60: =IF(AQ60<>"", "Complete", IF(AP60<>"", "In progress", "")) | AX60: 244394 | AY60: 244431 | AZ60: =IF(AY60<>"", "Complete", IF(AX60<>"", "In progress", "")) -> Complete | BF60: =IF(BE60<>"", "Complete", IF(BD60<>"", "In progress", "")) | BI60: =IF(BH60<>"", "Complete", IF(BG60<>"", "In progress", ""))
A61: 67 | B61: หมู่ 2 สำราญ | C61: ศรีสุขสำราญ | D61: อุบลรัตน์ | E61: ขอนแก่น | F61: เขต 6 (ขอนแก่น) | G61: ภาคตะวันออกเฉียงเหนือ | H61: ที่ทำการบ้าน ผญบ. | J61: 3 ปี | K61: Myset | L61: New Self-Support | M61: 9 | N61: 198 | O61: 16.918014 | P61: 102.73259 | Q61: 15/09/2568 | R61: 19/09/2568 | S61: =IF(R61<>"", "Complete", IF(Q61<>"", "In progress", "")) -> Complete | T61: Complete | U61: 19/11/2568 | V61: 19/11/2568 | W61: =IF( AND( OR(M61=9,M61=18,M61=30), OR(G61="ภาคเหนือ",G61="ภาคใต้",G61="ภาคตะวันออก",G61="ภาคตะวันตก",G61="ภาคตะวันออกเฉียงเหนือ") ), IF(V61<>"","Complete",IF(U61<>"","In progress","")), "-" ) -> Complete | X61: 28/11/2568 | Y61: 19/10/2568 | AA61: =IF(Z61<>"", "Complete", IF(Y61<>"", "In progress", "")) -> In progress | AD61: 15/09/2568 | AE61: 244145 | AF61: =IF(AE61<>"", "Complete", IF(AD61<>"", "In progress", "")) -> Complete | AG61: 244206 | AH61: 15/10/2568 | AI61: =IF(AH61<>"", "Complete", IF(AG61<>"", "In progress", "")) -> Complete | AJ61: 22/01/2569 | AL61: =IF(AK61<>"", "Complete", IF(AJ61<>"", "In progress", "")) -> In progress | AT61: =IF(AQ61<>"", "Complete", IF(AP61<>"", "In progress", "")) | AX61: 244394 | AY61: 244431 | AZ61: =IF(AY61<>"", "Complete", IF(AX61<>"", "In progress", "")) -> Complete | BF61: =IF(BE61<>"", "Complete", IF(BD61<>"", "In progress", "")) | BI61: =IF(BH61<>"", "Complete", IF(BG61<>"", "In progress", ""))
A62: 68 | B62: หมู่ 3 โนนศิลา | C62: ศรีสุขสำราญ | D62: อุบลรัตน์ | E62: ขอนแก่น | F62: เขต 6 (ขอนแก่น) | G62: ภาคตะวันออกเฉียงเหนือ | H62: ที่ทำการบ้าน ผญบ. | J62: 11 ปี | K62: Myset | L62: New Self-Support | M62: 9 | N62: 204 | O62: 16.88129 | P62: 102.69213 | Q62: 15/09/2568 | R62: 23/09/2568 | S62: =IF(R62<>"", "Complete", IF(Q62<>"", "In progress", "")) -> Complete | T62: Complete | U62: 19/11/2568 | V62: 19/11/2568 | W62: =IF( AND( OR(M62=9,M62=18,M62=30), OR(G62="ภาคเหนือ",G62="ภาคใต้",G62="ภาคตะวันออก",G62="ภาคตะวันตก",G62="ภาคตะวันออกเฉียงเหนือ") ), IF(V62<>"","Complete",IF(U62<>"","In progress","")), "-" ) -> Complete | X62: 28/11/2568 | Y62: 23/10/2568 | AA62: =IF(Z62<>"", "Complete", IF(Y62<>"", "In progress", "")) -> In progress | AD62: 15/09/2568 | AE62: 244145 | AF62: =IF(AE62<>"", "Complete", IF(AD62<>"", "In progress", "")) -> Complete | AG62: 244206 | AH62: 15/10/2568 | AI62: =IF(AH62<>"", "Complete", IF(AG62<>"", "In progress", "")) -> Complete | AJ62: 22/01/2569 | AL62: =IF(AK62<>"", "Complete", IF(AJ62<>"", "In progress", "")) -> In progress | AT62: =IF(AQ62<>"", "Complete", IF(AP62<>"", "In progress", "")) | AX62: 244410 | AY62: 244428 | AZ62: =IF(AY62<>"", "Complete", IF(AX62<>"", "In progress", "")) -> Complete | BF62: =IF(BE62<>"", "Complete", IF(BD62<>"", "In progress", "")) | BI62: =IF(BH62<>"", "Complete", IF(BG62<>"", "In progress", ""))
A63: 69 | B63: หมู่ 5 โคกกลาง | C63: ศรีสุขสำราญ | D63: อุบลรัตน์ | E63: ขอนแก่น | F63: เขต 6 (ขอนแก่น) | G63: ภาคตะวันออกเฉียงเหนือ | H63: ที่ทำการบ้าน ผญบ. | J63: 2 ปี | K63: Myset | L63: New Self-Support | M63: 9 | N63: 206 | O63: 16.88877 | P63: 102.68749 | Q63: 15/09/2568 | R63: 23/09/2568 | S63: =IF(R63<>"", "Complete", IF(Q63<>"", "In progress", "")) -> Complete | T63: Complete | U63: 19/11/2568 | V63: 19/11/2568 | W63: =IF( AND( OR(M63=9,M63=18,M63=30), OR(G63="ภาคเหนือ",G63="ภาคใต้",G63="ภาคตะวันออก",G63="ภาคตะวันตก",G63="ภาคตะวันออกเฉียงเหนือ") ), IF(V63<>"","Complete",IF(U63<>"","In progress","")), "-" ) -> Complete | X63: 28/11/2568 | Y63: 23/10/2568 | AA63: =IF(Z63<>"", "Complete", IF(Y63<>"", "In progress", "")) -> In progress | AD63: 15/09/2568 | AE63: 244145 | AF63: =IF(AE63<>"", "Complete", IF(AD63<>"", "In progress", "")) -> Complete | AG63: 244206 | AH63: 15/10/2568 | AI63: =IF(AH63<>"", "Complete", IF(AG63<>"", "In progress", "")) -> Complete | AJ63: 22/01/2569 | AL63: =IF(AK63<>"", "Complete", IF(AJ63<>"", "In progress", "")) -> In progress | AT63: =IF(AQ63<>"", "Complete", IF(AP63<>"", "In progress", "")) | AX63: 244410 | AY63: 244428 | AZ63: =IF(AY63<>"", "Complete", IF(AX63<>"", "In progress", "")) -> Complete | BF63: =IF(BE63<>"", "Complete", IF(BD63<>"", "In progress", "")) | BI63: =IF(BH63<>"", "Complete", IF(BG63<>"", "In progress", ""))
A64: 70 | B64: หมู่ 6 หนองแสง | C64: ศรีสุขสำราญ | D64: อุบลรัตน์ | E64: ขอนแก่น | F64: เขต 6 (ขอนแก่น) | G64: ภาคตะวันออกเฉียงเหนือ | H64: ที่ทำการบ้าน ผญบ. | I64: ศาลาประชาคม | J64: 21 ปี | K64: Myset | L64: New Self-Support | M64: 9 | N64: 204 | O64: 16.934239 | P64: 102.73397 | Q64: 15/09/2568 | R64: 19/09/2568 | S64: =IF(R64<>"", "Complete", IF(Q64<>"", "In progress", "")) -> Complete | T64: Complete | U64: 19/11/2568 | V64: 19/11/2568 | W64: =IF( AND( OR(M64=9,M64=18,M64=30), OR(G64="ภาคเหนือ",G64="ภาคใต้",G64="ภาคตะวันออก",G64="ภาคตะวันตก",G64="ภาคตะวันออกเฉียงเหนือ") ), IF(V64<>"","Complete",IF(U64<>"","In progress","")), "-" ) -> Complete | X64: 28/11/2568 | Y64: 19/10/2568 | AA64: =IF(Z64<>"", "Complete", IF(Y64<>"", "In progress", "")) -> In progress | AD64: 15/09/2568 | AE64: 244145 | AF64: =IF(AE64<>"", "Complete", IF(AD64<>"", "In progress", "")) -> Complete | AG64: 244206 | AH64: 15/10/2568 | AI64: =IF(AH64<>"", "Complete", IF(AG64<>"", "In progress", "")) -> Complete | AJ64: 22/01/2569 | AL64: =IF(AK64<>"", "Complete", IF(AJ64<>"", "In progress", "")) -> In progress | AT64: =IF(AQ64<>"", "Complete", IF(AP64<>"", "In progress", "")) | AV64: ผญบ.มีคดี | AX64: 244415 | AY64: 244431 | AZ64: =IF(AY64<>"", "Complete", IF(AX64<>"", "In progress", "")) -> Complete | BF64: =IF(BE64<>"", "Complete", IF(BD64<>"", "In progress", "")) | BI64: =IF(BH64<>"", "Complete", IF(BG64<>"", "In progress", ""))
A65: 71 | B65: หมู่ 7 ศาลาดิน | C65: ศรีสุขสำราญ | D65: อุบลรัตน์ | E65: ขอนแก่น | F65: เขต 6 (ขอนแก่น) | G65: ภาคตะวันออกเฉียงเหนือ | H65: ที่ทำการบ้าน ผญบ. | J65: 4 ปี | K65: Myset | L65: New Self-Support | M65: 9 | N65: 222 | O65: 16.895182 | P65: 102.72301 | Q65: 15/09/2568 | R65: 23/09/2568 | S65: =IF(R65<>"", "Complete", IF(Q65<>"", "In progress", "")) -> Complete | T65: Complete | U65: 19/11/2568 | V65: 19/11/2568 | W65: =IF( AND( OR(M65=9,M65=18,M65=30), OR(G65="ภาคเหนือ",G65="ภาคใต้",G65="ภาคตะวันออก",G65="ภาคตะวันตก",G65="ภาคตะวันออกเฉียงเหนือ") ), IF(V65<>"","Complete",IF(U65<>"","In progress","")), "-" ) -> Complete | X65: 28/11/2568 | Y65: 23/10/2568 | AA65: =IF(Z65<>"", "Complete", IF(Y65<>"", "In progress", "")) -> In progress | AD65: 15/09/2568 | AE65: 244145 | AF65: =IF(AE65<>"", "Complete", IF(AD65<>"", "In progress", "")) -> Complete | AG65: 244206 | AH65: 15/10/2568 | AI65: =IF(AH65<>"", "Complete", IF(AG65<>"", "In progress", "")) -> Complete | AJ65: 22/01/2569 | AL65: =IF(AK65<>"", "Complete", IF(AJ65<>"", "In progress", "")) -> In progress | AT65: =IF(AQ65<>"", "Complete", IF(AP65<>"", "In progress", "")) | AX65: 244402 | AY65: 244429 | AZ65: =IF(AY65<>"", "Complete", IF(AX65<>"", "In progress", "")) -> Complete | BF65: =IF(BE65<>"", "Complete", IF(BD65<>"", "In progress", "")) | BI65: =IF(BH65<>"", "Complete", IF(BG65<>"", "In progress", ""))
A66: 72 | B66: หมู่ 8 โนนเจริญ | C66: ศรีสุขสำราญ | D66: อุบลรัตน์ | E66: ขอนแก่น | F66: เขต 6 (ขอนแก่น) | G66: ภาคตะวันออกเฉียงเหนือ | H66: ที่ทำการบ้าน ผญบ. | J66: 19 ปี | K66: Myset | L66: New Self-Support | M66: 9 | N66: 219 | O66: 16.904881 | P66: 102.73747 | Q66: 15/09/2568 | R66: 19/09/2568 | S66: =IF(R66<>"", "Complete", IF(Q66<>"", "In progress", "")) -> Complete | T66: Complete | U66: 19/11/2568 | V66: 19/11/2568 | W66: =IF( AND( OR(M66=9,M66=18,M66=30), OR(G66="ภาคเหนือ",G66="ภาคใต้",G66="ภาคตะวันออก",G66="ภาคตะวันตก",G66="ภาคตะวันออกเฉียงเหนือ") ), IF(V66<>"","Complete",IF(U66<>"","In progress","")), "-" ) -> Complete | X66: 28/11/2568 | Y66: 19/10/2568 | AA66: =IF(Z66<>"", "Complete", IF(Y66<>"", "In progress", "")) -> In progress | AD66: 15/09/2568 | AE66: 244145 | AF66: =IF(AE66<>"", "Complete", IF(AD66<>"", "In progress", "")) -> Complete | AG66: 244206 | AH66: 15/10/2568 | AI66: =IF(AH66<>"", "Complete", IF(AG66<>"", "In progress", "")) -> Complete | AJ66: 22/01/2569 | AL66: =IF(AK66<>"", "Complete", IF(AJ66<>"", "In progress", "")) -> In progress | AT66: =IF(AQ66<>"", "Complete", IF(AP66<>"", "In progress", "")) | AX66: 244398 | AY66: 244429 | AZ66: =IF(AY66<>"", "Complete", IF(AX66<>"", "In progress", "")) -> Complete | BF66: =IF(BE66<>"", "Complete", IF(BD66<>"", "In progress", "")) | BI66: =IF(BH66<>"", "Complete", IF(BG66<>"", "In progress", ""))
A67: 73 | B67: หมู่ 9 ห้วยเตย | C67: ศรีสุขสำราญ | D67: อุบลรัตน์ | E67: ขอนแก่น | F67: เขต 6 (ขอนแก่น) | G67: ภาคตะวันออกเฉียงเหนือ | H67: ที่ทำการบ้าน ผญบ. | J67: 4 ปี | K67: Myset | L67: New Self-Support | M67: 9 | N67: 208 | O67: 16.886176 | P67: 102.72684 | Q67: 15/09/2568 | R67: 23/09/2568 | S67: =IF(R67<>"", "Complete", IF(Q67<>"", "In progress", "")) -> Complete | T67: Complete | U67: 19/11/2568 | V67: 19/11/2568 | W67: =IF( AND( OR(M67=9,M67=18,M67=30), OR(G67="ภาคเหนือ",G67="ภาคใต้",G67="ภาคตะวันออก",G67="ภาคตะวันตก",G67="ภาคตะวันออกเฉียงเหนือ") ), IF(V67<>"","Complete",IF(U67<>"","In progress","")), "-" ) -> Complete | X67: 28/11/2568 | Y67: 23/10/2568 | AA67: =IF(Z67<>"", "Complete", IF(Y67<>"", "In progress", "")) -> In progress | AD67: 15/09/2568 | AE67: 244145 | AF67: =IF(AE67<>"", "Complete", IF(AD67<>"", "In progress", "")) -> Complete | AG67: 244206 | AH67: 15/10/2568 | AI67: =IF(AH67<>"", "Complete", IF(AG67<>"", "In progress", "")) -> Complete | AJ67: 22/01/2569 | AL67: =IF(AK67<>"", "Complete", IF(AJ67<>"", "In progress", "")) -> In progress | AT67: =IF(AQ67<>"", "Complete", IF(AP67<>"", "In progress", "")) | AX67: 244402 | AY67: 244430 | AZ67: =IF(AY67<>"", "Complete", IF(AX67<>"", "In progress", "")) -> Complete | BF67: =IF(BE67<>"", "Complete", IF(BD67<>"", "In progress", "")) | BI67: =IF(BH67<>"", "Complete", IF(BG67<>"", "In progress", ""))
A68: 74 | B68: หมู่ 10 วังแจง | C68: ขุนซ่อง | D68: แก่งหางแมว | E68: จันทบุรี | F68: เขต 5 (จันทบุรี) | G68: ภาคตะวันออก | H68: ที่ทำการบ้าน ผญบ. | J68: 13 ปี | K68: Myset | L68: Self-Support | M68: 18 | N68: 70 | O68: 13.097761 | P68: 102.02468 | Q68: 15/09/2568 | R68: 18/09/2568 | S68: =IF(R68<>"", "Complete", IF(Q68<>"", "In progress", "")) -> Complete | T68: Complete | U68: 20/11/2568 | V68: 20/11/2568 | W68: =IF( AND( OR(M68=9,M68=18,M68=30), OR(G68="ภาคเหนือ",G68="ภาคใต้",G68="ภาคตะวันออก",G68="ภาคตะวันตก",G68="ภาคตะวันออกเฉียงเหนือ") ), IF(V68<>"","Complete",IF(U68<>"","In progress","")), "-" ) -> Complete | X68: 28/11/2568 | Y68: 18/10/2568 | AA68: =IF(Z68<>"", "Complete", IF(Y68<>"", "In progress", "")) -> In progress | AD68: 15/10/2568 | AE68: 21/10/2568 | AF68: =IF(AE68<>"", "Complete", IF(AD68<>"", "In progress", "")) -> Complete | AG68: 14/11/2568 | AH68: 26/11/2568 | AI68: =IF(AH68<>"", "Complete", IF(AG68<>"", "In progress", "")) -> Complete | AJ68: 244470 | AK68: 244470 | AL68: =IF(AK68<>"", "Complete", IF(AJ68<>"", "In progress", "")) -> Complete | AN68: 24/1/2569 | AO68: 30/1/2569 | AT68: =IF(AQ68<>"", "Complete", IF(AP68<>"", "In progress", "")) | AX68: 244370 | AY68: 244375 | AZ68: =IF(AY68<>"", "Complete", IF(AX68<>"", "In progress", "")) -> Complete | BF68: =IF(BE68<>"", "Complete", IF(BD68<>"", "In progress", "")) | BI68: =IF(BH68<>"", "Complete", IF(BG68<>"", "In progress", ""))
A69: 75 | B69: หมู่ 10 วังยายมุก | C69: คลองพลู | D69: เขาคิชฌกูฏ | E69: จันทบุรี | F69: เขต 5 (จันทบุรี) | G69: ภาคตะวันออก | H69: ที่ทำการบ้าน ผญบ. | J69: 9 ปี | K69: Myset | L69: New Self-Support | M69: 9 | N69: 59 | O69: 12.946886 | P69: 102.03206 | Q69: 15/09/2568 | R69: 16/09/2568 | S69: =IF(R69<>"", "Complete", IF(Q69<>"", "In progress", "")) -> Complete | T69: Complete | U69: 19/11/2568 | V69: 19/11/2568 | W69: =IF( AND( OR(M69=9,M69=18,M69=30), OR(G69="ภาคเหนือ",G69="ภาคใต้",G69="ภาคตะวันออก",G69="ภาคตะวันตก",G69="ภาคตะวันออกเฉียงเหนือ") ), IF(V69<>"","Complete",IF(U69<>"","In progress","")), "-" ) -> Complete | X69: 28/11/2568 | Y69: 16/10/2568 | AA69: =IF(Z69<>"", "Complete", IF(Y69<>"", "In progress", "")) -> In progress | AD69: 15/09/2568 | AE69: 244145 | AF69: =IF(AE69<>"", "Complete", IF(AD69<>"", "In progress", "")) -> Complete | AG69: 244206 | AH69: 15/10/2568 | AI69: =IF(AH69<>"", "Complete", IF(AG69<>"", "In progress", "")) -> Complete | AJ69: 22/01/2569 | AL69: =IF(AK69<>"", "Complete", IF(AJ69<>"", "In progress", "")) -> In progress | AT69: =IF(AQ69<>"", "Complete", IF(AP69<>"", "In progress", "")) | AX69: 244380 | AY69: 244396 | AZ69: =IF(AY69<>"", "Complete", IF(AX69<>"", "In progress", "")) -> Complete | BF69: =IF(BE69<>"", "Complete", IF(BD69<>"", "In progress", "")) | BI69: =IF(BH69<>"", "Complete", IF(BG69<>"", "In progress", ""))
A70: 76 | B70: หมู่ 3 น้ำขุ่น | C70: คลองพลู | D70: เขาคิชฌกูฏ | E70: จันทบุรี | F70: เขต 5 (จันทบุรี) | G70: ภาคตะวันออก | H70: ที่ทำการบ้าน ผญบ. | J70: 5 ปี | K70: Myset | L70: New Self-Support | M70: 9 | N70: 38 | O70: 12.924694 | P70: 102.03665 | Q70: 15/09/2568 | R70: 17/09/2568 | S70: =IF(R70<>"", "Complete", IF(Q70<>"", "In progress", "")) -> Complete | T70: Complete | U70: 19/11/2568 | V70: 19/11/2568 | W70: =IF( AND( OR(M70=9,M70=18,M70=30), OR(G70="ภาคเหนือ",G70="ภาคใต้",G70="ภาคตะวันออก",G70="ภาคตะวันตก",G70="ภาคตะวันออกเฉียงเหนือ") ), IF(V70<>"","Complete",IF(U70<>"","In progress","")), "-" ) -> Complete | X70: 28/11/2568 | Y70: 17/10/2568 | AA70: =IF(Z70<>"", "Complete", IF(Y70<>"", "In progress", "")) -> In progress | AD70: 15/09/2568 | AE70: 244145 | AF70: =IF(AE70<>"", "Complete", IF(AD70<>"", "In progress", "")) -> Complete | AG70: 244206 | AH70: 15/10/2568 | AI70: =IF(AH70<>"", "Complete", IF(AG70<>"", "In progress", "")) -> Complete | AJ70: 22/01/2569 | AL70: =IF(AK70<>"", "Complete", IF(AJ70<>"", "In progress", "")) -> In progress | AT70: =IF(AQ70<>"", "Complete", IF(AP70<>"", "In progress", "")) | AX70: 244380 | AY70: 244396 | AZ70: =IF(AY70<>"", "Complete", IF(AX70<>"", "In progress", "")) -> Complete | BF70: =IF(BE70<>"", "Complete", IF(BD70<>"", "In progress", "")) | BI70: =IF(BH70<>"", "Complete", IF(BG70<>"", "In progress", ""))
A71: 77 | B71: หมู่ 4 คลองพลู | C71: คลองพลู | D71: เขาคิชฌกูฏ | E71: จันทบุรี | F71: เขต 5 (จันทบุรี) | G71: ภาคตะวันออก | H71: ที่ทำการบ้าน ผญบ. | J71: 3 ปี | K71: Myset | L71: New Self-Support | M71: 9 | N71: 33 | O71: 12.913201 | P71: 102.05016 | Q71: 15/09/2568 | R71: 16/09/2568 | S71: =IF(R71<>"", "Complete", IF(Q71<>"", "In progress", "")) -> Complete | T71: Complete | U71: 19/11/2568 | V71: 19/11/2568 | W71: =IF( AND( OR(M71=9,M71=18,M71=30), OR(G71="ภาคเหนือ",G71="ภาคใต้",G71="ภาคตะวันออก",G71="ภาคตะวันตก",G71="ภาคตะวันออกเฉียงเหนือ") ), IF(V71<>"","Complete",IF(U71<>"","In progress","")), "-" ) -> Complete | X71: 28/11/2568 | Y71: 16/10/2568 | AA71: =IF(Z71<>"", "Complete", IF(Y71<>"", "In progress", "")) -> In progress | AD71: 15/09/2568 | AE71: 244145 | AF71: =IF(AE71<>"", "Complete", IF(AD71<>"", "In progress", "")) -> Complete | AG71: 244206 | AH71: 15/10/2568 | AI71: =IF(AH71<>"", "Complete", IF(AG71<>"", "In progress", "")) -> Complete | AJ71: 22/01/2569 | AL71: =IF(AK71<>"", "Complete", IF(AJ71<>"", "In progress", "")) -> In progress | AT71: =IF(AQ71<>"", "Complete", IF(AP71<>"", "In progress", "")) | AX71: 244380 | AY71: 244396 | AZ71: =IF(AY71<>"", "Complete", IF(AX71<>"", "In progress", "")) -> Complete | BF71: =IF(BE71<>"", "Complete", IF(BD71<>"", "In progress", "")) | BI71: =IF(BH71<>"", "Complete", IF(BG71<>"", "In progress", ""))
A72: 78 | B72: หมู่ 5 คลองพลู | C72: คลองพลู | D72: เขาคิชฌกูฏ | E72: จันทบุรี | F72: เขต 5 (จันทบุรี) | G72: ภาคตะวันออก | H72: ที่ทำการบ้าน ผญบ. | J72: 10 ปี | K72: Myset | L72: New Self-Support | M72: 9 | N72: 70 | O72: 12.965629 | P72: 102.08189 | Q72: 15/09/2568 | R72: 17/09/2568 | S72: =IF(R72<>"", "Complete", IF(Q72<>"", "In progress", "")) -> Complete | T72: Complete | U72: 19/11/2568 | V72: 19/11/2568 | W72: =IF( AND( OR(M72=9,M72=18,M72=30), OR(G72="ภาคเหนือ",G72="ภาคใต้",G72="ภาคตะวันออก",G72="ภาคตะวันตก",G72="ภาคตะวันออกเฉียงเหนือ") ), IF(V72<>"","Complete",IF(U72<>"","In progress","")), "-" ) -> Complete | X72: 28/11/2568 | Y72: 17/10/2568 | AA72: =IF(Z72<>"", "Complete", IF(Y72<>"", "In progress", "")) -> In progress | AD72: 15/09/2568 | AE72: 244145 | AF72: =IF(AE72<>"", "Complete", IF(AD72<>"", "In progress", "")) -> Complete | AG72: 244206 | AH72: 15/10/2568 | AI72: =IF(AH72<>"", "Complete", IF(AG72<>"", "In progress", "")) -> Complete | AJ72: 22/01/2569 | AL72: =IF(AK72<>"", "Complete", IF(AJ72<>"", "In progress", "")) -> In progress | AT72: =IF(AQ72<>"", "Complete", IF(AP72<>"", "In progress", "")) | AX72: 244378 | AY72: 244397 | AZ72: =IF(AY72<>"", "Complete", IF(AX72<>"", "In progress", "")) -> Complete | BF72: =IF(BE72<>"", "Complete", IF(BD72<>"", "In progress", "")) | BI72: =IF(BH72<>"", "Complete", IF(BG72<>"", "In progress", ""))
A73: 79 | B73: หมู่ 6 ทุ่งกบินทร์ | C73: คลองพลู | D73: เขาคิชฌกูฏ | E73: จันทบุรี | F73: เขต 5 (จันทบุรี) | G73: ภาคตะวันออก | H73: ที่ทำการบ้าน ผญบ. | J73: 17 ปี | K73: Myset | L73: New Self-Support | M73: 9 | N73: 74 | O73: 12.975223 | P73: 102.08197 | Q73: 15/09/2568 | R73: 17/09/2568 | S73: =IF(R73<>"", "Complete", IF(Q73<>"", "In progress", "")) -> Complete | T73: Complete | U73: 19/11/2568 | V73: 19/11/2568 | W73: =IF( AND( OR(M73=9,M73=18,M73=30), OR(G73="ภาคเหนือ",G73="ภาคใต้",G73="ภาคตะวันออก",G73="ภาคตะวันตก",G73="ภาคตะวันออกเฉียงเหนือ") ), IF(V73<>"","Complete",IF(U73<>"","In progress","")), "-" ) -> Complete | X73: 28/11/2568 | Y73: 17/10/2568 | AA73: =IF(Z73<>"", "Complete", IF(Y73<>"", "In progress", "")) -> In progress | AD73: 15/09/2568 | AE73: 244145 | AF73: =IF(AE73<>"", "Complete", IF(AD73<>"", "In progress", "")) -> Complete | AG73: 244206 | AH73: 15/10/2568 | AI73: =IF(AH73<>"", "Complete", IF(AG73<>"", "In progress", "")) -> Complete | AJ73: 22/01/2569 | AL73: =IF(AK73<>"", "Complete", IF(AJ73<>"", "In progress", "")) -> In progress | AT73: =IF(AQ73<>"", "Complete", IF(AP73<>"", "In progress", "")) | AX73: 244380 | AY73: 244399 | AZ73: =IF(AY73<>"", "Complete", IF(AX73<>"", "In progress", "")) -> Complete | BF73: =IF(BE73<>"", "Complete", IF(BD73<>"", "In progress", "")) | BI73: =IF(BH73<>"", "Complete", IF(BG73<>"", "In progress", ""))
A74: 80 | B74: หมู่ 8 หลังเนิน | C74: คลองพลู | D74: เขาคิชฌกูฏ | E74: จันทบุรี | F74: เขต 5 (จันทบุรี) | G74: ภาคตะวันออก | H74: ที่ทำการบ้าน ผญบ. | J74: 2 ปี | K74: Myset | L74: New Self-Support | M74: 9 | N74: 45 | O74: 12.951472 | P74: 102.0543 | Q74: 15/09/2568 | R74: 16/09/2568 | S74: =IF(R74<>"", "Complete", IF(Q74<>"", "In progress", "")) -> Complete | T74: Complete | U74: 19/11/2568 | V74: 19/11/2568 | W74: =IF( AND( OR(M74=9,M74=18,M74=30), OR(G74="ภาคเหนือ",G74="ภาคใต้",G74="ภาคตะวันออก",G74="ภาคตะวันตก",G74="ภาคตะวันออกเฉียงเหนือ") ), IF(V74<>"","Complete",IF(U74<>"","In progress","")), "-" ) -> Complete | X74: 28/11/2568 | Y74: 16/10/2568 | AA74: =IF(Z74<>"", "Complete", IF(Y74<>"", "In progress", "")) -> In progress | AD74: 15/09/2568 | AE74: 244145 | AF74: =IF(AE74<>"", "Complete", IF(AD74<>"", "In progress", "")) -> Complete | AG74: 244206 | AH74: 15/10/2568 | AI74: =IF(AH74<>"", "Complete", IF(AG74<>"", "In progress", "")) -> Complete | AJ74: 22/01/2569 | AL74: =IF(AK74<>"", "Complete", IF(AJ74<>"", "In progress", "")) -> In progress | AT74: =IF(AQ74<>"", "Complete", IF(AP74<>"", "In progress", "")) | AX74: 244380 | AY74: 244396 | AZ74: =IF(AY74<>"", "Complete", IF(AX74<>"", "In progress", "")) -> Complete | BF74: =IF(BE74<>"", "Complete", IF(BD74<>"", "In progress", "")) | BI74: =IF(BH74<>"", "Complete", IF(BG74<>"", "In progress", ""))
A75: 81 | B75: หมู่ 1 คลองใหญ่ | C75: จันทเขลม | D75: เขาคิชฌกูฏ | E75: จันทบุรี | F75: เขต 5 (จันทบุรี) | G75: ภาคตะวันออก | H75: ที่ทำการบ้าน ผญบ. | J75: 8 ปี | K75: Myset | L75: New Self-Support | M75: 9 | N75: 56 | O75: 12.984774 | P75: 102.05564 | Q75: 15/09/2568 | R75: 16/09/2568 | S75: =IF(R75<>"", "Complete", IF(Q75<>"", "In progress", "")) -> Complete | T75: Complete | U75: 19/11/2568 | V75: 19/11/2568 | W75: =IF( AND( OR(M75=9,M75=18,M75=30), OR(G75="ภาคเหนือ",G75="ภาคใต้",G75="ภาคตะวันออก",G75="ภาคตะวันตก",G75="ภาคตะวันออกเฉียงเหนือ") ), IF(V75<>"","Complete",IF(U75<>"","In progress","")), "-" ) -> Complete | X75: 28/11/2568 | Y75: 16/10/2568 | AA75: =IF(Z75<>"", "Complete", IF(Y75<>"", "In progress", "")) -> In progress | AD75: 15/09/2568 | AE75: 244145 | AF75: =IF(AE75<>"", "Complete", IF(AD75<>"", "In progress", "")) -> Complete | AG75: 244206 | AH75: 15/10/2568 | AI75: =IF(AH75<>"", "Complete", IF(AG75<>"", "In progress", "")) -> Complete | AJ75: 22/01/2569 | AL75: =IF(AK75<>"", "Complete", IF(AJ75<>"", "In progress", "")) -> In progress | AT75: =IF(AQ75<>"", "Complete", IF(AP75<>"", "In progress", "")) | AX75: 244378 | AY75: 244398 | AZ75: =IF(AY75<>"", "Complete", IF(AX75<>"", "In progress", "")) -> Complete | BF75: =IF(BE75<>"", "Complete", IF(BD75<>"", "In progress", "")) | BI75: =IF(BH75<>"", "Complete", IF(BG75<>"", "In progress", ""))
A76: 82 | B76: หมู่ 2 จันทเขลม | C76: จันทเขลม | D76: เขาคิชฌกูฏ | E76: จันทบุรี | F76: เขต 5 (จันทบุรี) | G76: ภาคตะวันออก | H76: ที่ทำการบ้าน ผญบ. | J76: 21 ปี | K76: Myset | L76: Self-Support | M76: 18 | N76: 75 | O76: 13.004387 | P76: 102.07363 | Q76: 15/09/2568 | R76: 16/09/2568 | S76: =IF(R76<>"", "Complete", IF(Q76<>"", "In progress", "")) -> Complete | T76: Complete | U76: 19/11/2568 | V76: 20/11/2568 | W76: =IF( AND( OR(M76=9,M76=18,M76=30), OR(G76="ภาคเหนือ",G76="ภาคใต้",G76="ภาคตะวันออก",G76="ภาคตะวันตก",G76="ภาคตะวันออกเฉียงเหนือ") ), IF(V76<>"","Complete",IF(U76<>"","In progress","")), "-" ) -> Complete | X76: 28/11/2568 | Y76: 16/10/2568 | AA76: =IF(Z76<>"", "Complete", IF(Y76<>"", "In progress", "")) -> In progress | AD76: 15/10/2568 | AE76: 21/10/2568 | AF76: =IF(AE76<>"", "Complete", IF(AD76<>"", "In progress", "")) -> Complete | AG76: 14/11/2568 | AH76: 26/11/2568 | AI76: =IF(AH76<>"", "Complete", IF(AG76<>"", "In progress", "")) -> Complete | AJ76: 244470 | AK76: 244470 | AL76: =IF(AK76<>"", "Complete", IF(AJ76<>"", "In progress", "")) -> Complete | AN76: 20/1/2569 | AO76: 27/1/2569 | AT76: =IF(AQ76<>"", "Complete", IF(AP76<>"", "In progress", "")) | AX76: 244370 | AY76: 244375 | AZ76: =IF(AY76<>"", "Complete", IF(AX76<>"", "In progress", "")) -> Complete | BF76: =IF(BE76<>"", "Complete", IF(BD76<>"", "In progress", "")) | BI76: =IF(BH76<>"", "Complete", IF(BG76<>"", "In progress", ""))
A77: 83 | B77: หมู่ 3 สะท้อน | C77: จันทเขลม | D77: เขาคิชฌกูฏ | E77: จันทบุรี | F77: เขต 5 (จันทบุรี) | G77: ภาคตะวันออก | H77: ที่ทำการบ้าน กำนัน | I77: ศาลาประชาคม | J77: 1 ปี | K77: Myset | L77: New Self-Support | M77: 9 | N77: 92 | O77: 13.0211 | P77: 102.02943 | Q77: 15/09/2568 | R77: 17/09/2568 | S77: =IF(R77<>"", "Complete", IF(Q77<>"", "In progress", "")) -> Complete | T77: Complete | U77: 19/11/2568 | V77: 19/11/2568 | W77: =IF( AND( OR(M77=9,M77=18,M77=30), OR(G77="ภาคเหนือ",G77="ภาคใต้",G77="ภาคตะวันออก",G77="ภาคตะวันตก",G77="ภาคตะวันออกเฉียงเหนือ") ), IF(V77<>"","Complete",IF(U77<>"","In progress","")), "-" ) -> Complete | X77: 28/11/2568 | Y77: 17/10/2568 | AA77: =IF(Z77<>"", "Complete", IF(Y77<>"", "In progress", "")) -> In progress | AD77: 15/09/2568 | AE77: 244145 | AF77: =IF(AE77<>"", "Complete", IF(AD77<>"", "In progress", "")) -> Complete | AG77: 244206 | AH77: 15/10/2568 | AI77: =IF(AH77<>"", "Complete", IF(AG77<>"", "In progress", "")) -> Complete | AJ77: 22/01/2569 | AL77: =IF(AK77<>"", "Complete", IF(AJ77<>"", "In progress", "")) -> In progress | AT77: =IF(AQ77<>"", "Complete", IF(AP77<>"", "In progress", "")) | AU77: 7 เดือน | AX77: 244419 | AY77: 244422 | AZ77: =IF(AY77<>"", "Complete", IF(AX77<>"", "In progress", "")) -> Complete | BF77: =IF(BE77<>"", "Complete", IF(BD77<>"", "In progress", "")) | BI77: =IF(BH77<>"", "Complete", IF(BG77<>"", "In progress", ""))
A78: 84 | B78: หมู่ 4 คลองชีพ | C78: จันทเขลม | D78: เขาคิชฌกูฏ | E78: จันทบุรี | F78: เขต 5 (จันทบุรี) | G78: ภาคตะวันออก | H78: ที่ทำการบ้าน ผญบ. | J78: 4 ปี | K78: Myset | L78: New Self-Support | M78: 9 | N78: 58 | O78: 12.988822 | P78: 102.03791 | Q78: 15/09/2568 | R78: 17/09/2568 | S78: =IF(R78<>"", "Complete", IF(Q78<>"", "In progress", "")) -> Complete | T78: Complete | U78: 19/11/2568 | V78: 19/11/2568 | W78: =IF( AND( OR(M78=9,M78=18,M78=30), OR(G78="ภาคเหนือ",G78="ภาคใต้",G78="ภาคตะวันออก",G78="ภาคตะวันตก",G78="ภาคตะวันออกเฉียงเหนือ") ), IF(V78<>"","Complete",IF(U78<>"","In progress","")), "-" ) -> Complete | X78: 28/11/2568 | Y78: 17/10/2568 | AA78: =IF(Z78<>"", "Complete", IF(Y78<>"", "In progress", "")) -> In progress | AD78: 15/09/2568 | AE78: 244145 | AF78: =IF(AE78<>"", "Complete", IF(AD78<>"", "In progress", "")) -> Complete | AG78: 244206 | AH78: 15/10/2568 | AI78: =IF(AH78<>"", "Complete", IF(AG78<>"", "In progress", "")) -> Complete | AJ78: 22/01/2569 | AL78: =IF(AK78<>"", "Complete", IF(AJ78<>"", "In progress", "")) -> In progress | AT78: =IF(AQ78<>"", "Complete", IF(AP78<>"", "In progress", "")) | AX78: 244378 | AY78: 244398 | AZ78: =IF(AY78<>"", "Complete", IF(AX78<>"", "In progress", "")) -> Complete | BF78: =IF(BE78<>"", "Complete", IF(BD78<>"", "In progress", "")) | BI78: =IF(BH78<>"", "Complete", IF(BG78<>"", "In progress", ""))
A79: 85 | B79: หมู่ 5 จันตาแป๊ะ | C79: จันทเขลม | D79: เขาคิชฌกูฏ | E79: จันทบุรี | F79: เขต 5 (จันทบุรี) | G79: ภาคตะวันออก | H79: ที่ทำการบ้าน ผญบ. | J79: 16 ปี | K79: Myset | L79: New Self-Support | M79: 9 | N79: 90 | O79: 13.033385 | P79: 102.07508 | Q79: 15/09/2568 | R79: 17/09/2568 | S79: =IF(R79<>"", "Complete", IF(Q79<>"", "In progress", "")) -> Complete | T79: Complete | U79: 19/11/2568 | V79: 19/11/2568 | W79: =IF( AND( OR(M79=9,M79=18,M79=30), OR(G79="ภาคเหนือ",G79="ภาคใต้",G79="ภาคตะวันออก",G79="ภาคตะวันตก",G79="ภาคตะวันออกเฉียงเหนือ") ), IF(V79<>"","Complete",IF(U79<>"","In progress","")), "-" ) -> Complete | X79: 28/11/2568 | Y79: 17/10/2568 | AA79: =IF(Z79<>"", "Complete", IF(Y79<>"", "In progress", "")) -> In progress | AD79: 15/09/2568 | AE79: 244145 | AF79: =IF(AE79<>"", "Complete", IF(AD79<>"", "In progress", "")) -> Complete | AG79: 244206 | AH79: 15/10/2568 | AI79: =IF(AH79<>"", "Complete", IF(AG79<>"", "In progress", "")) -> Complete | AJ79: 22/01/2569 | AL79: =IF(AK79<>"", "Complete", IF(AJ79<>"", "In progress", "")) -> In progress | AT79: =IF(AQ79<>"", "Complete", IF(AP79<>"", "In progress", "")) | AX79: 244378 | AY79: 244397 | AZ79: =IF(AY79<>"", "Complete", IF(AX79<>"", "In progress", "")) -> Complete | BF79: =IF(BE79<>"", "Complete", IF(BD79<>"", "In progress", "")) | BI79: =IF(BH79<>"", "Complete", IF(BG79<>"", "In progress", ""))
A80: 86 | B80: หมู่ 6 คลองชม | C80: จันทเขลม | D80: เขาคิชฌกูฏ | E80: จันทบุรี | F80: เขต 5 (จันทบุรี) | G80: ภาคตะวันออก | H80: ที่ทำการบ้าน ผญบ. | J80: 5 ปี | K80: Myset | L80: New Self-Support | M80: 9 | N80: 85 | O80: 13.049575 | P80: 102.03997 | Q80: 15/09/2568 | R80: 17/09/2568 | S80: =IF(R80<>"", "Complete", IF(Q80<>"", "In progress", "")) -> Complete | T80: Complete | U80: 19/11/2568 | V80: 19/11/2568 | W80: =IF( AND( OR(M80=9,M80=18,M80=30), OR(G80="ภาคเหนือ",G80="ภาคใต้",G80="ภาคตะวันออก",G80="ภาคตะวันตก",G80="ภาคตะวันออกเฉียงเหนือ") ), IF(V80<>"","Complete",IF(U80<>"","In progress","")), "-" ) -> Complete | X80: 28/11/2568 | Y80: 17/10/2568 | AA80: =IF(Z80<>"", "Complete", IF(Y80<>"", "In progress", "")) -> In progress | AD80: 15/09/2568 | AE80: 244145 | AF80: =IF(AE80<>"", "Complete", IF(AD80<>"", "In progress", "")) -> Complete | AG80: 244206 | AH80: 15/10/2568 | AI80: =IF(AH80<>"", "Complete", IF(AG80<>"", "In progress", "")) -> Complete | AJ80: 22/01/2569 | AL80: =IF(AK80<>"", "Complete", IF(AJ80<>"", "In progress", "")) -> In progress | AT80: =IF(AQ80<>"", "Complete", IF(AP80<>"", "In progress", "")) | AX80: 244383 | AY80: 244397 | AZ80: =IF(AY80<>"", "Complete", IF(AX80<>"", "In progress", "")) -> Complete | BF80: =IF(BE80<>"", "Complete", IF(BD80<>"", "In progress", "")) | BI80: =IF(BH80<>"", "Complete", IF(BG80<>"", "In progress", ""))
A81: 87 | B81: หมู่ 7 คลองชัน | C81: จันทเขลม | D81: เขาคิชฌกูฏ | E81: จันทบุรี | F81: เขต 5 (จันทบุรี) | G81: ภาคตะวันออก | H81: ที่ทำการบ้าน ผญบ. | J81: 8 ปี | K81: Myset | L81: New Self-Support | M81: 9 | N81: 103 | O81: 13.040522 | P81: 102.05164 | Q81: 15/09/2568 | R81: 17/09/2568 | S81: =IF(R81<>"", "Complete", IF(Q81<>"", "In progress", "")) -> Complete | T81: Complete | U81: 19/11/2568 | V81: 19/11/2568 | W81: =IF( AND( OR(M81=9,M81=18,M81=30), OR(G81="ภาคเหนือ",G81="ภาคใต้",G81="ภาคตะวันออก",G81="ภาคตะวันตก",G81="ภาคตะวันออกเฉียงเหนือ") ), IF(V81<>"","Complete",IF(U81<>"","In progress","")), "-" ) -> Complete | X81: 28/11/2568 | Y81: 17/10/2568 | AA81: =IF(Z81<>"", "Complete", IF(Y81<>"", "In progress", "")) -> In progress | AD81: 15/09/2568 | AE81: 244145 | AF81: =IF(AE81<>"", "Complete", IF(AD81<>"", "In progress", "")) -> Complete | AG81: 244206 | AH81: 15/10/2568 | AI81: =IF(AH81<>"", "Complete", IF(AG81<>"", "In progress", "")) -> Complete | AJ81: 22/01/2569 | AL81: =IF(AK81<>"", "Complete", IF(AJ81<>"", "In progress", "")) -> In progress | AT81: =IF(AQ81<>"", "Complete", IF(AP81<>"", "In progress", "")) | AX81: 244378 | AY81: 244398 | AZ81: =IF(AY81<>"", "Complete", IF(AX81<>"", "In progress", "")) -> Complete | BF81: =IF(BE81<>"", "Complete", IF(BD81<>"", "In progress", "")) | BI81: =IF(BH81<>"", "Complete", IF(BG81<>"", "In progress", ""))
A82: 88 | B82: หมู่ 8 จันตาแป๊ะ | C82: จันทเขลม | D82: เขาคิชฌกูฏ | E82: จันทบุรี | F82: เขต 5 (จันทบุรี) | G82: ภาคตะวันออก | H82: ที่ทำการบ้าน ผญบ. | J82: 11 ปี | K82: Myset | L82: New Self-Support | M82: 9 | N82: 90 | O82: 13.019843 | P82: 102.07843 | Q82: 15/09/2568 | R82: 16/09/2568 | S82: =IF(R82<>"", "Complete", IF(Q82<>"", "In progress", "")) -> Complete | T82: Complete | U82: 19/11/2568 | V82: 19/11/2568 | W82: =IF( AND( OR(M82=9,M82=18,M82=30), OR(G82="ภาคเหนือ",G82="ภาคใต้",G82="ภาคตะวันออก",G82="ภาคตะวันตก",G82="ภาคตะวันออกเฉียงเหนือ") ), IF(V82<>"","Complete",IF(U82<>"","In progress","")), "-" ) -> Complete | X82: 28/11/2568 | Y82: 16/10/2568 | AA82: =IF(Z82<>"", "Complete", IF(Y82<>"", "In progress", "")) -> In progress | AD82: 15/09/2568 | AE82: 244145 | AF82: =IF(AE82<>"", "Complete", IF(AD82<>"", "In progress", "")) -> Complete | AG82: 244206 | AH82: 15/10/2568 | AI82: =IF(AH82<>"", "Complete", IF(AG82<>"", "In progress", "")) -> Complete | AJ82: 22/01/2569 | AL82: =IF(AK82<>"", "Complete", IF(AJ82<>"", "In progress", "")) -> In progress | AT82: =IF(AQ82<>"", "Complete", IF(AP82<>"", "In progress", "")) | AX82: 244378 | AY82: 244398 | AZ82: =IF(AY82<>"", "Complete", IF(AX82<>"", "In progress", "")) -> Complete | BF82: =IF(BE82<>"", "Complete", IF(BD82<>"", "In progress", "")) | BI82: =IF(BH82<>"", "Complete", IF(BG82<>"", "In progress", ""))
A83: 89 | B83: หมู่ 6 ชำเคราะห์ | C83: ตะเคียนทอง | D83: เขาคิชฌกูฏ | E83: จันทบุรี | F83: เขต 5 (จันทบุรี) | G83: ภาคตะวันออก | H83: ที่ทำการบ้าน ผญบ. | J83: 11 ปี | K83: Myset | L83: New Self-Support | M83: 9 | N83: 44 | O83: 12.936203 | P83: 102.07258 | Q83: 15/09/2568 | R83: 17/09/2568 | S83: =IF(R83<>"", "Complete", IF(Q83<>"", "In progress", "")) -> Complete | T83: Complete | U83: 19/11/2568 | V83: 19/11/2568 | W83: =IF( AND( OR(M83=9,M83=18,M83=30), OR(G83="ภาคเหนือ",G83="ภาคใต้",G83="ภาคตะวันออก",G83="ภาคตะวันตก",G83="ภาคตะวันออกเฉียงเหนือ") ), IF(V83<>"","Complete",IF(U83<>"","In progress","")), "-" ) -> Complete | X83: 28/11/2568 | Y83: 17/10/2568 | AA83: =IF(Z83<>"", "Complete", IF(Y83<>"", "In progress", "")) -> In progress | AD83: 15/09/2568 | AE83: 244145 | AF83: =IF(AE83<>"", "Complete", IF(AD83<>"", "In progress", "")) -> Complete | AG83: 244206 | AH83: 15/10/2568 | AI83: =IF(AH83<>"", "Complete", IF(AG83<>"", "In progress", "")) -> Complete | AJ83: 22/01/2569 | AL83: =IF(AK83<>"", "Complete", IF(AJ83<>"", "In progress", "")) -> In progress | AT83: =IF(AQ83<>"", "Complete", IF(AP83<>"", "In progress", "")) | AX83: 244380 | AY83: 244399 | AZ83: =IF(AY83<>"", "Complete", IF(AX83<>"", "In progress", "")) -> Complete | BF83: =IF(BE83<>"", "Complete", IF(BD83<>"", "In progress", "")) | BI83: =IF(BH83<>"", "Complete", IF(BG83<>"", "In progress", ""))
A84: 90 | B84: หมู่ 3 ไร่หลวง | C84: โคกสะบ้า | D84: นาโยง | E84: ตรัง | F84: เขต 9 (ส่วนแยกนครศรีธรรมราช) | G84: ภาคใต้ | H84: ที่ทำการบ้าน ผญบ. | J84: 15 ปี | K84: P&S | L84: New Self-Support | M84: 9 | N84: 40 | O84: 7.49902 | P84: 99.73944 | Q84: 17/09/2568 | R84: 17/09/2568 | S84: =IF(R84<>"", "Complete", IF(Q84<>"", "In progress", "")) -> Complete | T84: Complete | U84: 19/11/2568 | V84: 19/11/2568 | W84: =IF( AND( OR(M84=9,M84=18,M84=30), OR(G84="ภาคเหนือ",G84="ภาคใต้",G84="ภาคตะวันออก",G84="ภาคตะวันตก",G84="ภาคตะวันออกเฉียงเหนือ") ), IF(V84<>"","Complete",IF(U84<>"","In progress","")), "-" ) -> Complete | X84: 28/11/2568 | Y84: 17/10/2568 | AA84: =IF(Z84<>"", "Complete", IF(Y84<>"", "In progress", "")) -> In progress | AD84: 15/09/2568 | AE84: 244145 | AF84: =IF(AE84<>"", "Complete", IF(AD84<>"", "In progress", "")) -> Complete | AG84: 244206 | AH84: 15/10/2568 | AI84: =IF(AH84<>"", "Complete", IF(AG84<>"", "In progress", "")) -> Complete | AJ84: 22/01/2569 | AL84: =IF(AK84<>"", "Complete", IF(AJ84<>"", "In progress", "")) -> In progress | AT84: =IF(AQ84<>"", "Complete", IF(AP84<>"", "In progress", "")) | AX84: 244383 | AY84: 244410 | AZ84: =IF(AY84<>"", "Complete", IF(AX84<>"", "In progress", "")) -> Complete | BF84: =IF(BE84<>"", "Complete", IF(BD84<>"", "In progress", "")) | BI84: =IF(BH84<>"", "Complete", IF(BG84<>"", "In progress", ""))
A85: 91 | B85: หมู่ 1 ช่อง | C85: ช่อง | D85: นาโยง | E85: ตรัง | F85: เขต 9 (ส่วนแยกนครศรีธรรมราช) | G85: ภาคใต้ | H85: ที่ทำการบ้าน ผญบ. | J85: 7 ปี | K85: P&S | L85: New Self-Support | M85: 9 | N85: 83 | O85: 7.56447 | P85: 99.77212 | Q85: 17/09/2568 | R85: 17/09/2568 | S85: =IF(R85<>"", "Complete", IF(Q85<>"", "In progress", "")) -> Complete | T85: Complete | U85: 19/11/2568 | V85: 19/11/2568 | W85: =IF( AND( OR(M85=9,M85=18,M85=30), OR(G85="ภาคเหนือ",G85="ภาคใต้",G85="ภาคตะวันออก",G85="ภาคตะวันตก",G85="ภาคตะวันออกเฉียงเหนือ") ), IF(V85<>"","Complete",IF(U85<>"","In progress","")), "-" ) -> Complete | X85: 28/11/2568 | Y85: 17/10/2568 | AA85: =IF(Z85<>"", "Complete", IF(Y85<>"", "In progress", "")) -> In progress | AD85: 15/09/2568 | AE85: 244145 | AF85: =IF(AE85<>"", "Complete", IF(AD85<>"", "In progress", "")) -> Complete | AG85: 244206 | AH85: 15/10/2568 | AI85: =IF(AH85<>"", "Complete", IF(AG85<>"", "In progress", "")) -> Complete | AJ85: 22/01/2569 | AL85: =IF(AK85<>"", "Complete", IF(AJ85<>"", "In progress", "")) -> In progress | AT85: =IF(AQ85<>"", "Complete", IF(AP85<>"", "In progress", "")) | AX85: 244392 | AY85: 244406 | AZ85: =IF(AY85<>"", "Complete", IF(AX85<>"", "In progress", "")) -> Complete | BF85: =IF(BE85<>"", "Complete", IF(BD85<>"", "In progress", "")) | BI85: =IF(BH85<>"", "Complete", IF(BG85<>"", "In progress", ""))
A86: 92 | B86: หมู่ 2 ห้วยลึก | C86: ช่อง | D86: นาโยง | E86: ตรัง | F86: เขต 9 (ส่วนแยกนครศรีธรรมราช) | G86: ภาคใต้ | H86: ที่ทำการบ้านผู้ช่วย ผญบ. | J86: 6 ปี | K86: P&S | L86: New Self-Support | M86: 9 | N86: 55 | O86: 7.50205 | P86: 99.75119 | Q86: 17/09/2568 | R86: 17/09/2568 | S86: =IF(R86<>"", "Complete", IF(Q86<>"", "In progress", "")) -> Complete | T86: Complete | U86: 19/11/2568 | V86: 19/11/2568 | W86: =IF( AND( OR(M86=9,M86=18,M86=30), OR(G86="ภาคเหนือ",G86="ภาคใต้",G86="ภาคตะวันออก",G86="ภาคตะวันตก",G86="ภาคตะวันออกเฉียงเหนือ") ), IF(V86<>"","Complete",IF(U86<>"","In progress","")), "-" ) -> Complete | X86: 28/11/2568 | Y86: 17/10/2568 | AA86: =IF(Z86<>"", "Complete", IF(Y86<>"", "In progress", "")) -> In progress | AD86: 15/09/2568 | AE86: 244145 | AF86: =IF(AE86<>"", "Complete", IF(AD86<>"", "In progress", "")) -> Complete | AG86: 244206 | AH86: 15/10/2568 | AI86: =IF(AH86<>"", "Complete", IF(AG86<>"", "In progress", "")) -> Complete | AJ86: 22/01/2569 | AL86: =IF(AK86<>"", "Complete", IF(AJ86<>"", "In progress", "")) -> In progress | AT86: =IF(AQ86<>"", "Complete", IF(AP86<>"", "In progress", "")) | AX86: 244383 | AY86: 244410 | AZ86: =IF(AY86<>"", "Complete", IF(AX86<>"", "In progress", "")) -> Complete | BF86: =IF(BE86<>"", "Complete", IF(BD86<>"", "In progress", "")) | BI86: =IF(BH86<>"", "Complete", IF(BG86<>"", "In progress", ""))
A87: 94 | B87: หมู่ 4 ใสขนุน | C87: ช่อง | D87: นาโยง | E87: ตรัง | F87: เขต 9 (ส่วนแยกนครศรีธรรมราช) | G87: ภาคใต้ | H87: ที่ทำการบ้าน ผญบ. | J87: 5 ปี | K87: P&S | L87: New Self-Support | M87: 9 | N87: 60 | O87: 7.53742 | P87: 99.76336 | Q87: 17/09/2568 | R87: 17/09/2568 | S87: =IF(R87<>"", "Complete", IF(Q87<>"", "In progress", "")) -> Complete | T87: Complete | U87: 19/11/2568 | V87: 19/11/2568 | W87: =IF( AND( OR(M87=9,M87=18,M87=30), OR(G87="ภาคเหนือ",G87="ภาคใต้",G87="ภาคตะวันออก",G87="ภาคตะวันตก",G87="ภาคตะวันออกเฉียงเหนือ") ), IF(V87<>"","Complete",IF(U87<>"","In progress","")), "-" ) -> Complete | X87: 28/11/2568 | Y87: 17/10/2568 | AA87: =IF(Z87<>"", "Complete", IF(Y87<>"", "In progress", "")) -> In progress | AD87: 15/09/2568 | AE87: 244145 | AF87: =IF(AE87<>"", "Complete", IF(AD87<>"", "In progress", "")) -> Complete | AG87: 244206 | AH87: 15/10/2568 | AI87: =IF(AH87<>"", "Complete", IF(AG87<>"", "In progress", "")) -> Complete | AJ87: 22/01/2569 | AL87: =IF(AK87<>"", "Complete", IF(AJ87<>"", "In progress", "")) -> In progress | AT87: =IF(AQ87<>"", "Complete", IF(AP87<>"", "In progress", "")) | AX87: 244392 | AY87: 244405 | AZ87: =IF(AY87<>"", "Complete", IF(AX87<>"", "In progress", "")) -> Complete | BF87: =IF(BE87<>"", "Complete", IF(BD87<>"", "In progress", "")) | BI87: =IF(BH87<>"", "Complete", IF(BG87<>"", "In progress", ""))
A88: 95 | B88: หมู่ 5 กรงไหน | C88: ช่อง | D88: นาโยง | E88: ตรัง | F88: เขต 9 (ส่วนแยกนครศรีธรรมราช) | G88: ภาคใต้ | H88: ที่ทำการบ้านผู้ช่วย กำนัน | J88: 2 ปี | K88: P&S | L88: New Self-Support | M88: 9 | N88: 61 | O88: 7.49762 | P88: 99.77169 | Q88: 17/09/2568 | R88: 17/09/2568 | S88: =IF(R88<>"", "Complete", IF(Q88<>"", "In progress", "")) -> Complete | T88: Complete | U88: 19/11/2568 | V88: 19/11/2568 | W88: =IF( AND( OR(M88=9,M88=18,M88=30), OR(G88="ภาคเหนือ",G88="ภาคใต้",G88="ภาคตะวันออก",G88="ภาคตะวันตก",G88="ภาคตะวันออกเฉียงเหนือ") ), IF(V88<>"","Complete",IF(U88<>"","In progress","")), "-" ) -> Complete | X88: 28/11/2568 | Y88: 17/10/2568 | AA88: =IF(Z88<>"", "Complete", IF(Y88<>"", "In progress", "")) -> In progress | AD88: 15/09/2568 | AE88: 244145 | AF88: =IF(AE88<>"", "Complete", IF(AD88<>"", "In progress", "")) -> Complete | AG88: 244206 | AH88: 15/10/2568 | AI88: =IF(AH88<>"", "Complete", IF(AG88<>"", "In progress", "")) -> Complete | AJ88: 22/01/2569 | AL88: =IF(AK88<>"", "Complete", IF(AJ88<>"", "In progress", "")) -> In progress | AT88: =IF(AQ88<>"", "Complete", IF(AP88<>"", "In progress", "")) | AX88: 244385 | AY88: 244410 | AZ88: =IF(AY88<>"", "Complete", IF(AX88<>"", "In progress", "")) -> Complete | BF88: =IF(BE88<>"", "Complete", IF(BD88<>"", "In progress", "")) | BI88: =IF(BH88<>"", "Complete", IF(BG88<>"", "In progress", ""))
A89: 96 | B89: หมู่ 6 ทุ่งใหญ่ | C89: ช่อง | D89: นาโยง | E89: ตรัง | F89: เขต 9 (ส่วนแยกนครศรีธรรมราช) | G89: ภาคใต้ | H89: ที่ทำการบ้าน ผญบ. | J89: 11 ปี | K89: P&S | L89: New Self-Support | M89: 9 | N89: 55 | O89: 7.5323 | P89: 99.75487 | Q89: 17/09/2568 | R89: 17/09/2568 | S89: =IF(R89<>"", "Complete", IF(Q89<>"", "In progress", "")) -> Complete | T89: Complete | U89: 19/11/2568 | V89: 19/11/2568 | W89: =IF( AND( OR(M89=9,M89=18,M89=30), OR(G89="ภาคเหนือ",G89="ภาคใต้",G89="ภาคตะวันออก",G89="ภาคตะวันตก",G89="ภาคตะวันออกเฉียงเหนือ") ), IF(V89<>"","Complete",IF(U89<>"","In progress","")), "-" ) -> Complete | X89: 28/11/2568 | Y89: 17/10/2568 | AA89: =IF(Z89<>"", "Complete", IF(Y89<>"", "In progress", "")) -> In progress | AD89: 15/09/2568 | AE89: 244145 | AF89: =IF(AE89<>"", "Complete", IF(AD89<>"", "In progress", "")) -> Complete | AG89: 244206 | AH89: 15/10/2568 | AI89: =IF(AH89<>"", "Complete", IF(AG89<>"", "In progress", "")) -> Complete | AJ89: 22/01/2569 | AL89: =IF(AK89<>"", "Complete", IF(AJ89<>"", "In progress", "")) -> In progress | AT89: =IF(AQ89<>"", "Complete", IF(AP89<>"", "In progress", "")) | AX89: 244385 | AY89: 244405 | AZ89: =IF(AY89<>"", "Complete", IF(AX89<>"", "In progress", "")) -> Complete | BF89: =IF(BE89<>"", "Complete", IF(BD89<>"", "In progress", "")) | BI89: =IF(BH89<>"", "Complete", IF(BG89<>"", "In progress", ""))
A90: 97 | B90: หมู่ 7 ไสท้อน | C90: ช่อง | D90: นาโยง | E90: ตรัง | F90: เขต 9 (ส่วนแยกนครศรีธรรมราช) | G90: ภาคใต้ | H90: ที่ทำการบ้าน ผญบ. | J90: 20 ปี | K90: P&S | L90: New Self-Support | M90: 9 | N90: 59 | O90: 7.5507 | P90: 99.76922 | Q90: 17/09/2568 | R90: 17/09/2568 | S90: =IF(R90<>"", "Complete", IF(Q90<>"", "In progress", "")) -> Complete | T90: Complete | U90: 19/11/2568 | V90: 19/11/2568 | W90: =IF( AND( OR(M90=9,M90=18,M90=30), OR(G90="ภาคเหนือ",G90="ภาคใต้",G90="ภาคตะวันออก",G90="ภาคตะวันตก",G90="ภาคตะวันออกเฉียงเหนือ") ), IF(V90<>"","Complete",IF(U90<>"","In progress","")), "-" ) -> Complete | X90: 28/11/2568 | Y90: 17/10/2568 | AA90: =IF(Z90<>"", "Complete", IF(Y90<>"", "In progress", "")) -> In progress | AD90: 15/09/2568 | AE90: 244145 | AF90: =IF(AE90<>"", "Complete", IF(AD90<>"", "In progress", "")) -> Complete | AG90: 244206 | AH90: 15/10/2568 | AI90: =IF(AH90<>"", "Complete", IF(AG90<>"", "In progress", "")) -> Complete | AJ90: 22/01/2569 | AL90: =IF(AK90<>"", "Complete", IF(AJ90<>"", "In progress", "")) -> In progress | AT90: =IF(AQ90<>"", "Complete", IF(AP90<>"", "In progress", "")) | AX90: 244385 | AY90: 244406 | AZ90: =IF(AY90<>"", "Complete", IF(AX90<>"", "In progress", "")) -> Complete | BF90: =IF(BE90<>"", "Complete", IF(BD90<>"", "In progress", "")) | BI90: =IF(BH90<>"", "Complete", IF(BG90<>"", "In progress", ""))
A91: 98 | B91: หมู่ 3 คลองลำปริง | C91: ละมอ | D91: นาโยง | E91: ตรัง | F91: เขต 9 (ส่วนแยกนครศรีธรรมราช) | G91: ภาคใต้ | H91: ที่ทำการบ้าน ผญบ. | J91: 2 ปี 3 เดือน | K91: P&S | L91: Self-Support | M91: 30 | N91: 66 | O91: 7.61294 | P91: 99.73635 | Q91: 17/09/2568 | R91: 17/09/2568 | S91: =IF(R91<>"", "Complete", IF(Q91<>"", "In progress", "")) -> Complete | T91: Complete | U91: 17/11/2568 | V91: 18/11/2568 | W91: =IF( AND( OR(M91=9,M91=18,M91=30), OR(G91="ภาคเหนือ",G91="ภาคใต้",G91="ภาคตะวันออก",G91="ภาคตะวันตก",G91="ภาคตะวันออกเฉียงเหนือ") ), IF(V91<>"","Complete",IF(U91<>"","In progress","")), "-" ) -> Complete | X91: 28/11/2568 | Y91: 17/10/2568 | AA91: =IF(Z91<>"", "Complete", IF(Y91<>"", "In progress", "")) -> In progress | AD91: 15/10/2568 | AE91: 21/10/2568 | AF91: =IF(AE91<>"", "Complete", IF(AD91<>"", "In progress", "")) -> Complete | AG91: 14/11/2568 | AH91: 26/11/2568 | AI91: =IF(AH91<>"", "Complete", IF(AG91<>"", "In progress", "")) -> Complete | AJ91: 244470 | AK91: 244470 | AL91: =IF(AK91<>"", "Complete", IF(AJ91<>"", "In progress", "")) -> Complete | AN91: 13/1/2569 | AO91: 22/1/2569 | AP91: 13/1/2569 | AQ91: 16/1/2569 | AT91: =IF(AQ91<>"", "Complete", IF(AP91<>"", "In progress", "")) -> Complete | AX91: 244375 | AY91: 244390 | AZ91: =IF(AY91<>"", "Complete", IF(AX91<>"", "In progress", "")) -> Complete | BF91: =IF(BE91<>"", "Complete", IF(BD91<>"", "In progress", "")) | BI91: =IF(BH91<>"", "Complete", IF(BG91<>"", "In progress", "")) | BM91: นายสมประสงค์ มลฑลจุลเกศ
A92: 99 | B92: หมู่ 8 บ้านเหมกน้อย | C92: ละมอ | D92: นาโยง | E92: ตรัง | F92: เขต 9 (ส่วนแยกนครศรีธรรมราช) | G92: ภาคใต้ | H92: ที่ทำการบ้าน ผญบ. | J92: 3 ปี | K92: P&S | L92: Self-Support | M92: 30 | N92: 56 | O92: 7.59123 | P92: 99.73319 | Q92: 17/09/2568 | R92: 17/09/2568 | S92: =IF(R92<>"", "Complete", IF(Q92<>"", "In progress", "")) -> Complete | T92: Complete | U92: 18/11/2568 | V92: 17/11/2568 | W92: =IF( AND( OR(M92=9,M92=18,M92=30), OR(G92="ภาคเหนือ",G92="ภาคใต้",G92="ภาคตะวันออก",G92="ภาคตะวันตก",G92="ภาคตะวันออกเฉียงเหนือ") ), IF(V92<>"","Complete",IF(U92<>"","In progress","")), "-" ) -> Complete | X92: 28/11/2568 | Y92: 17/10/2568 | AA92: =IF(Z92<>"", "Complete", IF(Y92<>"", "In progress", "")) -> In progress | AD92: 15/10/2568 | AE92: 21/10/2568 | AF92: =IF(AE92<>"", "Complete", IF(AD92<>"", "In progress", "")) -> Complete | AG92: 14/11/2568 | AH92: 26/11/2568 | AI92: =IF(AH92<>"", "Complete", IF(AG92<>"", "In progress", "")) -> Complete | AJ92: 244470 | AK92: 244470 | AL92: =IF(AK92<>"", "Complete", IF(AJ92<>"", "In progress", "")) -> Complete | AN92: 13/1/2569 | AO92: 22/1/2569 | AP92: 13/1/2569 | AQ92: 16/1/2569 | AT92: =IF(AQ92<>"", "Complete", IF(AP92<>"", "In progress", "")) -> Complete | AX92: 244375 | AY92: 244390 | AZ92: =IF(AY92<>"", "Complete", IF(AX92<>"", "In progress", "")) -> Complete | BF92: =IF(BE92<>"", "Complete", IF(BD92<>"", "In progress", "")) | BI92: =IF(BH92<>"", "Complete", IF(BG92<>"", "In progress", "")) | BM92: นายสมประสงค์ มลฑลจุลเกศ
A93: 100 | B93: หมู่ 1 ไทรงาม | C93: นาชุมเห็ด | D93: ย่านตาขาว | E93: ตรัง | F93: เขต 9 (ส่วนแยกนครศรีธรรมราช) | G93: ภาคใต้ | H93: ที่ทำการบ้านผู้ช่วย ผญบ. | J93: 5 ปี | K93: P&S | L93: New Self-Support | M93: 9 | N93: 33 | O93: 7.468955 | P93: 99.762663 | Q93: 17/09/2568 | R93: 17/09/2568 | S93: =IF(R93<>"", "Complete", IF(Q93<>"", "In progress", "")) -> Complete | T93: Complete | U93: 19/11/2568 | V93: 19/11/2568 | W93: =IF( AND( OR(M93=9,M93=18,M93=30), OR(G93="ภาคเหนือ",G93="ภาคใต้",G93="ภาคตะวันออก",G93="ภาคตะวันตก",G93="ภาคตะวันออกเฉียงเหนือ") ), IF(V93<>"","Complete",IF(U93<>"","In progress","")), "-" ) -> Complete | X93: 28/11/2568 | Y93: 17/10/2568 | AA93: =IF(Z93<>"", "Complete", IF(Y93<>"", "In progress", "")) -> In progress | AD93: 15/09/2568 | AE93: 244145 | AF93: =IF(AE93<>"", "Complete", IF(AD93<>"", "In progress", "")) -> Complete | AG93: 244206 | AH93: 15/10/2568 | AI93: =IF(AH93<>"", "Complete", IF(AG93<>"", "In progress", "")) -> Complete | AJ93: 22/01/2569 | AL93: =IF(AK93<>"", "Complete", IF(AJ93<>"", "In progress", "")) -> In progress | AT93: =IF(AQ93<>"", "Complete", IF(AP93<>"", "In progress", "")) | AX93: 244391 | AY93: 244410 | AZ93: =IF(AY93<>"", "Complete", IF(AX93<>"", "In progress", "")) -> Complete | BF93: =IF(BE93<>"", "Complete", IF(BD93<>"", "In progress", "")) | BI93: =IF(BH93<>"", "Complete", IF(BG93<>"", "In progress", ""))
A94: 101 | B94: หมู่ 2 ควนหิน | C94: นาชุมเห็ด | D94: ย่านตาขาว | E94: ตรัง | F94: เขต 9 (ส่วนแยกนครศรีธรรมราช) | G94: ภาคใต้ | H94: ที่ทำการบ้าน ผญบ. | J94: 12 ปี | K94: P&S | L94: New Self-Support | M94: 9 | N94: 44 | O94: 7.47633 | P94: 99.76416 | Q94: 17/09/2568 | R94: 17/09/2568 | S94: =IF(R94<>"", "Complete", IF(Q94<>"", "In progress", "")) -> Complete | T94: Complete | U94: 19/11/2568 | V94: 19/11/2568 | W94: =IF( AND( OR(M94=9,M94=18,M94=30), OR(G94="ภาคเหนือ",G94="ภาคใต้",G94="ภาคตะวันออก",G94="ภาคตะวันตก",G94="ภาคตะวันออกเฉียงเหนือ") ), IF(V94<>"","Complete",IF(U94<>"","In progress","")), "-" ) -> Complete | X94: 28/11/2568 | Y94: 17/10/2568 | AA94: =IF(Z94<>"", "Complete", IF(Y94<>"", "In progress", "")) -> In progress | AD94: 15/09/2568 | AE94: 244145 | AF94: =IF(AE94<>"", "Complete", IF(AD94<>"", "In progress", "")) -> Complete | AG94: 244206 | AH94: 15/10/2568 | AI94: =IF(AH94<>"", "Complete", IF(AG94<>"", "In progress", "")) -> Complete | AJ94: 22/01/2569 | AL94: =IF(AK94<>"", "Complete", IF(AJ94<>"", "In progress", "")) -> In progress | AT94: =IF(AQ94<>"", "Complete", IF(AP94<>"", "In progress", "")) | AX94: 244392 | AY94: 244410 | AZ94: =IF(AY94<>"", "Complete", IF(AX94<>"", "In progress", "")) -> Complete | BF94: =IF(BE94<>"", "Complete", IF(BD94<>"", "In progress", "")) | BI94: =IF(BH94<>"", "Complete", IF(BG94<>"", "In progress", ""))
A95: 102 | B95: หมู่ 4 ลำพิกุล | C95: นาชุมเห็ด | D95: ย่านตาขาว | E95: ตรัง | F95: เขต 9 (ส่วนแยกนครศรีธรรมราช) | G95: ภาคใต้ | H95: ที่ทำการบ้าน ผญบ. | J95: 2 ปี 6 เดือน | K95: P&S | L95: New Self-Support | M95: 9 | N95: 33 | O95: 7.45625 | P95: 99.78601 | Q95: 17/09/2568 | R95: 17/09/2568 | S95: =IF(R95<>"", "Complete", IF(Q95<>"", "In progress", "")) -> Complete | T95: Complete | U95: 19/11/2568 | V95: 19/11/2568 | W95: =IF( AND( OR(M95=9,M95=18,M95=30), OR(G95="ภาคเหนือ",G95="ภาคใต้",G95="ภาคตะวันออก",G95="ภาคตะวันตก",G95="ภาคตะวันออกเฉียงเหนือ") ), IF(V95<>"","Complete",IF(U95<>"","In progress","")), "-" ) -> Complete | X95: 28/11/2568 | Y95: 17/10/2568 | AA95: =IF(Z95<>"", "Complete", IF(Y95<>"", "In progress", "")) -> In progress | AD95: 15/09/2568 | AE95: 244145 | AF95: =IF(AE95<>"", "Complete", IF(AD95<>"", "In progress", "")) -> Complete | AG95: 244206 | AH95: 15/10/2568 | AI95: =IF(AH95<>"", "Complete", IF(AG95<>"", "In progress", "")) -> Complete | AJ95: 22/01/2569 | AL95: =IF(AK95<>"", "Complete", IF(AJ95<>"", "In progress", "")) -> In progress | AT95: =IF(AQ95<>"", "Complete", IF(AP95<>"", "In progress", "")) | AX95: 244392 | AY95: 244411 | AZ95: =IF(AY95<>"", "Complete", IF(AX95<>"", "In progress", "")) -> Complete | BF95: =IF(BE95<>"", "Complete", IF(BD95<>"", "In progress", "")) | BI95: =IF(BH95<>"", "Complete", IF(BG95<>"", "In progress", ""))
A96: 103 | B96: หมู่ 8 บ้านลำขนุน | C96: นาชุมเห็ด | D96: ย่านตาขาว | E96: ตรัง | F96: เขต 9 (ส่วนแยกนครศรีธรรมราช) | G96: ภาคใต้ | H96: ที่ทำการบ้าน ผญบ. | J96: 3 ปี 5 เดือน | K96: P&S | L96: New Self-Support | M96: 9 | N96: 46 | O96: 7.47262 | P96: 99.78542 | Q96: 17/09/2568 | R96: 17/09/2568 | S96: =IF(R96<>"", "Complete", IF(Q96<>"", "In progress", "")) -> Complete | T96: Complete | U96: 19/11/2568 | V96: 19/11/2568 | W96: =IF( AND( OR(M96=9,M96=18,M96=30), OR(G96="ภาคเหนือ",G96="ภาคใต้",G96="ภาคตะวันออก",G96="ภาคตะวันตก",G96="ภาคตะวันออกเฉียงเหนือ") ), IF(V96<>"","Complete",IF(U96<>"","In progress","")), "-" ) -> Complete | X96: 28/11/2568 | Y96: 17/10/2568 | AA96: =IF(Z96<>"", "Complete", IF(Y96<>"", "In progress", "")) -> In progress | AD96: 15/09/2568 | AE96: 244145 | AF96: =IF(AE96<>"", "Complete", IF(AD96<>"", "In progress", "")) -> Complete | AG96: 244206 | AH96: 15/10/2568 | AI96: =IF(AH96<>"", "Complete", IF(AG96<>"", "In progress", "")) -> Complete | AJ96: 22/01/2569 | AL96: =IF(AK96<>"", "Complete", IF(AJ96<>"", "In progress", "")) -> In progress | AT96: =IF(AQ96<>"", "Complete", IF(AP96<>"", "In progress", "")) | AX96: 244392 | AY96: 244411 | AZ96: =IF(AY96<>"", "Complete", IF(AX96<>"", "In progress", "")) -> Complete | BF96: =IF(BE96<>"", "Complete", IF(BD96<>"", "In progress", "")) | BI96: =IF(BH96<>"", "Complete", IF(BG96<>"", "In progress", ""))
A97: 104 | B97: หมู่ 9 โคกโดน | C97: นาชุมเห็ด | D97: ย่านตาขาว | E97: ตรัง | F97: เขต 9 (ส่วนแยกนครศรีธรรมราช) | G97: ภาคใต้ | H97: ที่ทำการบ้านผู้ช่วย ผญบ. | J97: 24 ปี | K97: P&S | L97: New Self-Support | M97: 9 | N97: 47 | O97: 7.47843 | P97: 99.75362 | Q97: 17/09/2568 | R97: 17/09/2568 | S97: =IF(R97<>"", "Complete", IF(Q97<>"", "In progress", "")) -> Complete | T97: Complete | U97: 19/11/2568 | V97: 19/11/2568 | W97: =IF( AND( OR(M97=9,M97=18,M97=30), OR(G97="ภาคเหนือ",G97="ภาคใต้",G97="ภาคตะวันออก",G97="ภาคตะวันตก",G97="ภาคตะวันออกเฉียงเหนือ") ), IF(V97<>"","Complete",IF(U97<>"","In progress","")), "-" ) -> Complete | X97: 28/11/2568 | Y97: 17/10/2568 | AA97: =IF(Z97<>"", "Complete", IF(Y97<>"", "In progress", "")) -> In progress | AD97: 15/09/2568 | AE97: 244145 | AF97: =IF(AE97<>"", "Complete", IF(AD97<>"", "In progress", "")) -> Complete | AG97: 244206 | AH97: 15/10/2568 | AI97: =IF(AH97<>"", "Complete", IF(AG97<>"", "In progress", "")) -> Complete | AJ97: 22/01/2569 | AL97: =IF(AK97<>"", "Complete", IF(AJ97<>"", "In progress", "")) -> In progress | AT97: =IF(AQ97<>"", "Complete", IF(AP97<>"", "In progress", "")) | AX97: 244391 | AY97: 244411 | AZ97: =IF(AY97<>"", "Complete", IF(AX97<>"", "In progress", "")) -> Complete | BF97: =IF(BE97<>"", "Complete", IF(BD97<>"", "In progress", "")) | BI97: =IF(BH97<>"", "Complete", IF(BG97<>"", "In progress", ""))
A98: 105 | B98: หมู่ 1 ยูงงาม | C98: โพรงจระเข้ | D98: ย่านตาขาว | E98: ตรัง | F98: เขต 9 (ส่วนแยกนครศรีธรรมราช) | G98: ภาคใต้ | H98: ที่ทำการบ้าน ผญบ. | J98: 12 ปี | K98: P&S | L98: New Self-Support | M98: 9 | N98: 32 | O98: 7.439445 | P98: 99.790954 | Q98: 17/09/2568 | R98: 17/09/2568 | S98: =IF(R98<>"", "Complete", IF(Q98<>"", "In progress", "")) -> Complete | T98: Complete | U98: 19/11/2568 | V98: 19/11/2568 | W98: =IF( AND( OR(M98=9,M98=18,M98=30), OR(G98="ภาคเหนือ",G98="ภาคใต้",G98="ภาคตะวันออก",G98="ภาคตะวันตก",G98="ภาคตะวันออกเฉียงเหนือ") ), IF(V98<>"","Complete",IF(U98<>"","In progress","")), "-" ) -> Complete | X98: 28/11/2568 | Y98: 17/10/2568 | AA98: =IF(Z98<>"", "Complete", IF(Y98<>"", "In progress", "")) -> In progress | AD98: 15/09/2568 | AE98: 244145 | AF98: =IF(AE98<>"", "Complete", IF(AD98<>"", "In progress", "")) -> Complete | AG98: 244206 | AH98: 15/10/2568 | AI98: =IF(AH98<>"", "Complete", IF(AG98<>"", "In progress", "")) -> Complete | AJ98: 22/01/2569 | AL98: =IF(AK98<>"", "Complete", IF(AJ98<>"", "In progress", "")) -> In progress | AT98: =IF(AQ98<>"", "Complete", IF(AP98<>"", "In progress", "")) | AX98: 244392 | AY98: 244411 | AZ98: =IF(AY98<>"", "Complete", IF(AX98<>"", "In progress", "")) -> Complete | BF98: =IF(BE98<>"", "Complete", IF(BD98<>"", "In progress", "")) | BI98: =IF(BH98<>"", "Complete", IF(BG98<>"", "In progress", ""))
A99: 106 | B99: หมู่ 7 โหละคล้า | C99: โพรงจระเข้ | D99: ย่านตาขาว | E99: ตรัง | F99: เขต 9 (ส่วนแยกนครศรีธรรมราช) | G99: ภาคใต้ | H99: ที่ทำการบ้านผู้ช่วย ผญบ. | J99: 5 ปี | K99: P&S | L99: Self-Support | M99: 18 | N99: 35 | O99: 7.438369 | P99: 99.768198 | Q99: 17/09/2568 | R99: 17/09/2568 | S99: =IF(R99<>"", "Complete", IF(Q99<>"", "In progress", "")) -> Complete | T99: Complete | U99: 19/11/2568 | V99: 18/11/2568 | W99: =IF( AND( OR(M99=9,M99=18,M99=30), OR(G99="ภาคเหนือ",G99="ภาคใต้",G99="ภาคตะวันออก",G99="ภาคตะวันตก",G99="ภาคตะวันออกเฉียงเหนือ") ), IF(V99<>"","Complete",IF(U99<>"","In progress","")), "-" ) -> Complete | X99: 28/11/2568 | Y99: 17/10/2568 | AA99: =IF(Z99<>"", "Complete", IF(Y99<>"", "In progress", "")) -> In progress | AD99: 15/10/2568 | AE99: 21/10/2568 | AF99: =IF(AE99<>"", "Complete", IF(AD99<>"", "In progress", "")) -> Complete | AG99: 14/11/2568 | AH99: 26/11/2568 | AI99: =IF(AH99<>"", "Complete", IF(AG99<>"", "In progress", "")) -> Complete | AJ99: 244470 | AK99: 244470 | AL99: =IF(AK99<>"", "Complete", IF(AJ99<>"", "In progress", "")) -> Complete | AN99: 13/1/2569 | AO99: 22/1/2569 | AP99: 16/1/2569 | AT99: =IF(AQ99<>"", "Complete", IF(AP99<>"", "In progress", "")) -> In progress | AX99: 244378 | AY99: 244390 | AZ99: =IF(AY99<>"", "Complete", IF(AX99<>"", "In progress", "")) -> Complete | BF99: =IF(BE99<>"", "Complete", IF(BD99<>"", "In progress", "")) | BI99: =IF(BH99<>"", "Complete", IF(BG99<>"", "In progress", "")) | BM99: นายสมประสงค์ มลฑลจุลเกศ
A100: 107 | B100: หมู่ 1 ป่าไผ่แดง | C100: วังกะทะ | D100: ปากช่อง | E100: นครราชสีมา | F100: เขต 16 (บุรีรัมย์) | G100: ภาคตะวันออกเฉียงเหนือ | H100: ที่ทำการบ้าน ผญบ. | J100: 3 ปี | K100: Myset | L100: New Self-Support | M100: 9 | N100: 435 | O100: 14.513408 | P100: 101.74461 | Q100: 15/09/2568 | R100: 16/09/2568 | S100: =IF(R100<>"", "Complete", IF(Q100<>"", "In progress", "")) -> Complete | T100: Complete | U100: 19/11/2568 | V100: 19/11/2568 | W100: =IF( AND( OR(M100=9,M100=18,M100=30), OR(G100="ภาคเหนือ",G100="ภาคใต้",G100="ภาคตะวันออก",G100="ภาคตะวันตก",G100="ภาคตะวันออกเฉียงเหนือ") ), IF(V100<>"","Complete",IF(U100<>"","In progress","")), "-" ) -> Complete | X100: 28/11/2568 | Y100: 16/10/2568 | AA100: =IF(Z100<>"", "Complete", IF(Y100<>"", "In progress", "")) -> In progress | AD100: 15/09/2568 | AE100: 244145 | AF100: =IF(AE100<>"", "Complete", IF(AD100<>"", "In progress", "")) -> Complete | AG100: 244206 | AH100: 15/10/2568 | AI100: =IF(AH100<>"", "Complete", IF(AG100<>"", "In progress", "")) -> Complete | AJ100: 22/01/2569 | AL100: =IF(AK100<>"", "Complete", IF(AJ100<>"", "In progress", "")) -> In progress | AT100: =IF(AQ100<>"", "Complete", IF(AP100<>"", "In progress", "")) | AX100: 244373 | AY100: 244406 | AZ100: =IF(AY100<>"", "Complete", IF(AX100<>"", "In progress", "")) -> Complete | BF100: =IF(BE100<>"", "Complete", IF(BD100<>"", "In progress", "")) | BI100: =IF(BH100<>"", "Complete", IF(BG100<>"", "In progress", ""))
A101: 108 | B101: หมู่ 10 เขาแก้ว | C101: วังกะทะ | D101: ปากช่อง | E101: นครราชสีมา | F101: เขต 16 (บุรีรัมย์) | G101: ภาคตะวันออกเฉียงเหนือ | H101: ที่ทำการบ้าน ผญบ. | J101: 10 ปี | K101: Myset | L101: New Self-Support | M101: 9 | N101: 410 | O101: 14.511321 | P101: 101.70049 | Q101: 15/09/2568 | R101: 17/09/2568 | S101: =IF(R101<>"", "Complete", IF(Q101<>"", "In progress", "")) -> Complete | T101: Complete | U101: 19/11/2568 | V101: 19/11/2568 | W101: =IF( AND( OR(M101=9,M101=18,M101=30), OR(G101="ภาคเหนือ",G101="ภาคใต้",G101="ภาคตะวันออก",G101="ภาคตะวันตก",G101="ภาคตะวันออกเฉียงเหนือ") ), IF(V101<>"","Complete",IF(U101<>"","In progress","")), "-" ) -> Complete | X101: 28/11/2568 | Y101: 17/10/2568 | AA101: =IF(Z101<>"", "Complete", IF(Y101<>"", "In progress", "")) -> In progress | AD101: 15/09/2568 | AE101: 244145 | AF101: =IF(AE101<>"", "Complete", IF(AD101<>"", "In progress", "")) -> Complete | AG101: 244206 | AH101: 15/10/2568 | AI101: =IF(AH101<>"", "Complete", IF(AG101<>"", "In progress", "")) -> Complete | AJ101: 22/01/2569 | AL101: =IF(AK101<>"", "Complete", IF(AJ101<>"", "In progress", "")) -> In progress | AT101: =IF(AQ101<>"", "Complete", IF(AP101<>"", "In progress", "")) | AX101: 244376 | AY101: 244417 | AZ101: =IF(AY101<>"", "Complete", IF(AX101<>"", "In progress", "")) -> Complete | BF101: =IF(BE101<>"", "Complete", IF(BD101<>"", "In progress", "")) | BI101: =IF(BH101<>"", "Complete", IF(BG101<>"", "In progress", ""))
A102: 109 | B102: หมู่ 14 ดอนสว่าง | C102: วังกะทะ | D102: ปากช่อง | E102: นครราชสีมา | F102: เขต 16 (บุรีรัมย์) | G102: ภาคตะวันออกเฉียงเหนือ | H102: ที่ทำการบ้าน ผญบ. | J102: 3 ปี 3 เดือน | K102: Myset | L102: New Self-Support | M102: 9 | N102: 423 | O102: 14.465514 | P102: 101.71565 | Q102: 15/09/2568 | R102: 18/09/2568 | S102: =IF(R102<>"", "Complete", IF(Q102<>"", "In progress", "")) -> Complete | T102: Complete | U102: 19/11/2568 | V102: 19/11/2568 | W102: =IF( AND( OR(M102=9,M102=18,M102=30), OR(G102="ภาคเหนือ",G102="ภาคใต้",G102="ภาคตะวันออก",G102="ภาคตะวันตก",G102="ภาคตะวันออกเฉียงเหนือ") ), IF(V102<>"","Complete",IF(U102<>"","In progress","")), "-" ) -> Complete | X102: 28/11/2568 | Y102: 18/10/2568 | AA102: =IF(Z102<>"", "Complete", IF(Y102<>"", "In progress", "")) -> In progress | AD102: 15/09/2568 | AE102: 244145 | AF102: =IF(AE102<>"", "Complete", IF(AD102<>"", "In progress", "")) -> Complete | AG102: 244206 | AH102: 15/10/2568 | AI102: =IF(AH102<>"", "Complete", IF(AG102<>"", "In progress", "")) -> Complete | AJ102: 22/01/2569 | AL102: =IF(AK102<>"", "Complete", IF(AJ102<>"", "In progress", "")) -> In progress | AT102: =IF(AQ102<>"", "Complete", IF(AP102<>"", "In progress", "")) | AX102: 244373 | AY102: 244407 | AZ102: =IF(AY102<>"", "Complete", IF(AX102<>"", "In progress", "")) -> Complete | BF102: =IF(BE102<>"", "Complete", IF(BD102<>"", "In progress", "")) | BI102: =IF(BH102<>"", "Complete", IF(BG102<>"", "In progress", ""))
...

Sheet รายชื่อเสา 60 ม
A1: โครงการเพิ่มประสิทธิภาพระบบโครงข่ายสื่อสารด้วยอุปกรณ์ทวนสัญญาณผ่านคลื่นความถี่สูง (SHF) เพื่อสนับสนุนการปฏิบัติราชการและแก้ไขปัญหาให้กับประชาชนใน
A2: พื้นที่ห่างไกล สัญญาเลขที่ ๘๖๘๐๒๒๘ ลงวันที่ ๒๓ กรกฎาคม ๒๕๖๘
A4: บัญชีรายชื่อสถานที่ติดตั้งเสาสัญญาณระบบวิทยุสื่อสาร
A5: ลำดับ | B5: สถานที่ติดตั้ง | C5: ตำบล | D5: อำเภอ | E5: จังหวัด | F5: ภาค | G5: พื้นที่ | H5: ความสูงเสา (เมตร) | I5: Sea level (เมตร) | J5: Latitude | K5: Longitude
B7: =SUBTOTAL(3,B8:B23) -> 16 | C7: =SUBTOTAL(3,C8:C23) -> 16 | D7: =SUBTOTAL(3,D8:D23) -> 16 | E7: =SUBTOTAL(3,E8:E23) -> 16 | F7: =SUBTOTAL(3,F8:F23) -> 16 | G7: =SUBTOTAL(3,G8:G23) -> 16 | H7: =SUBTOTAL(3,H8:H23) -> 16 | I7: =SUBTOTAL(3,I8:I23) -> 16 | ... K7: =SUBTOTAL(3,K8:K23) -> 16
A8: 1 | B8: ที่ว่าการอำเภอห้วยกระเจา | C8: ห้วยกระเจา | D8: ห้วยกระเจา | E8: กาญจนบุรี | F8: ภาคตะวันตก | G8: ที่ว่าการอำเภอ | H8: 60 | I8: 72 | J8: 14.326589 | K8: 99.667238
A9: 2 | B9: BS หนองนกแก้ว | C9: หนองนกแก้ว | D9: เลาขวัญ | E9: กาญจนบุรี | F9: ภาคตะวันตก | G9: อบต. | H9: 60 | I9: 72 | J9: 14.514783 | K9: 99.709059
A10: 3 | B10: ที่ว่าการอำเภอคลองลาน | C10: คลองน้ำไหล | D10: คลองลาน | E10: กำแพงเพชร | F10: ภาคเหนือ | G10: ที่ว่าการอำเภอ | H10: 60 | I10: 158 | J10: 16.204197 | K10: 99.321011
A11: 4 | B11: BS ปางใหม่พัฒนา | C11: ปางตาไว | D11: ปางศิลาทอง | E11: กำแพงเพชร | F11: ภาคเหนือ | G11: ที่ทำการกองทุนหมู่บ้าน (กทบ.) | H11: 60 | I11: 155 | J11: 15.993741 | K11: 99.364571
A12: 5 | B12: ที่ว่าการอำเภอเขาสวนกวาง | C12: คำม่วง | D12: เขาสวนกวาง | E12: ขอนแก่น | F12: ภาคตะวันออกเฉียงเหนือ | G12: ที่ว่าการอำเภอ | H12: 60 | I12: 186 | J12: 16.859712 | K12: 102.86091
A13: 6 | B13: BS ศรีสุขสำราญ | C13: ศรีสุขสำราญ | D13: อุบลรัตน์ | E13: ขอนแก่น | F13: ภาคตะวันออกเฉียงเหนือ | G13: อบต. | H13: 60 | I13: 200 | J13: 16.919524 | K13: 102.72752
A14: 7 | B14: ที่ว่าการอำเภอเขาคิชฌกูฏ | C14: พลวง | D14: เขาคิชฌกูฏ | E14: จันทบุรี | F14: ภาคตะวันออก | G14: ที่ว่าการอำเภอ | H14: 60 | I14: 20 | J14: 12.80444 | K14: 102.11464
A15: 8 | B15: BS คลองพลู | C15: คลองพลู | D15: เขาคิชฌกูฎ | E15: จันทบุรี | F15: ภาคตะวันออก | G15: ทต. | H15: 60 | I15: 43 | J15: 12.935094 | K15: 102.05857
A16: 9 | B16: ที่ว่าการอำเภอย่านตาขาว | C16: ย่านตาขาว | D16: ย่านตาขาว | E16: ตรัง | F16: ภาคใต้ | G16: ที่ว่าการอำเภอ | H16: 60 | I16: 23 | J16: 7.385692 | K16: 99.666228
A17: 10 | B17: BS ช่อง | C17: ช่อง | D17: นาโยง | E17: ตรัง | F17: ภาคใต้ | G17: อบต. | H17: 60 | I17: 55 | J17: 7.52427 | K17: 99.75881
A18: 11 | B18: ที่ว่าการอำเภอวังน้ำเขียว | C18: วังน้ำเขียว | D18: วังน้ำเขียว | E18: นครราชสีมา | F18: ภาคตะวันออกเฉียงเหนือ | G18: ที่ว่าการอำเภอ | H18: 60 | I18: 417 | J18: 14.417371 | K18: 101.84991
A19: 12 | B19: BS คลองป่าหมู | C19: วังกะทะ | D19: ปากช่อง | E19: นครราชสีมา | F19: ภาคตะวันออกเฉียงเหนือ | G19: ศาลาประชาคม | H19: 60 | I19: 426 | J19: 14.480402 | K19: 101.72657
... A22: 15 | B22: ที่ว่าการอำเภอดงเจริญ | C22: วังงิ้วภาคใต้ | D22: ดงเจริญ | E22: พิจิตร | F22: ภาคเหนือ | G22: ที่ว่าการอำเภอ | H22: 60 | I22: 55 | J22: 16.029156 | K22: 100.62781
A23: 16 | B23: BS วังงิ้ว | C23: วังงิ้ว | D23: ดงเจริญ | E23: พิจิตร | F23: ภาคเหนือ | G23: อบต. | H23: 60 | I23: 74 | J23: 16.016102 | K23: 100.732560

Sheet รายชื่อเสา 9,18,30
A1: โครงการเพิ่มประสิทธิภาพระบบโครงข่ายสื่อสารด้วยอุปกรณ์ทวนสัญญาณผ่านคลื่นความถี่สูง (SHF) เพื่อสนับสนุนการปฏิบัติราชการและแก้ไขปัญหาให้กับประชาชนใน
A2: พื้นที่ห่างไกล สัญญาเลขที่ ๘๖๘๐๒๒๘ ลงวันที่ ๒๓ กรกฎาคม ๒๕๖๘
A4: บัญชีรายชื่อสถานที่ติดตั้งเสารับ-ส่งสัญญาณระบบวิทยุสื่อสาร
A5: ลำดับ | B5: สถานที่ติดตั้ง | C5: ตำบล | D5: อำเภอ | E5: จังหวัด | F5: ภาค | G5: พื้นที่ | H5: ความสูงเสา (เมตร) | I5: Sea level (เมตร) | J5: Latitude | K5: Longitude | L5: สำรวจพื้นที่สำหรับติดตั้งเสาสัญญาณ | Y5: โครงสร้างเสาสัญญาณ
L6: สำรวจจุดติดตั้ง | P6: ทดสอบดิน (Soil Test) | T6: Detail Design Drawing | X6: จัดส่งผลสำรวจดินและ แบบก่อสร้าง | Y6: แบบโครงสร้างเสาสัญญาณ | AB6: ตัวอย่างโครงสร้างเสาสัญญาณ | AE6: ผลิตโครงสร้างเสาสัญญาณ | AI6: ติดตั้งฐานราก
A8: 1 | B8: หมู่ 13 หนองจิกน้ำดำ | C8: ทุ่งกระบ่ำ | D8: เลาขวัญ | E8: กาญจนบุรี | F8: ภาคตะวันตก | G8: ที่ทำการบ้าน ผู้ใหญ่บ้าน | H8: 9 | I8: 114 | J8: 14.601033 | K8: 99.615861 | L8: 15/09/2568 | M8: 15/09/2568 | N8: =IF(M8<>"", "Complete", IF(L8<>"", "In progress", "")) -> Complete | O8: Complete | P8: 19/11/2568 | Q8: 19/11/2568 | R8: =IF( AND( OR(H8=9,H8=18,H8=30), OR(F8="ภาคเหนือ",F8="ภาคใต้",F8="ภาคตะวันออก",F8="ภาคตะวันตก",F8="ภาคตะวันออกเฉียงเหนือ") ), IF(Q8<>"","Complete",IF(P8<>"","In progress","")), "-" ) -> Complete | S8: 28/11/2568 | T8: 15/10/2568 | V8: =IF(U8<>"", "Complete", IF(T8<>"", "In progress", "")) -> In progress | Y8: 15/09/2568 | Z8: 244145 | AA8: =IF(Z8<>"", "Complete", IF(Y8<>"", "In progress", "")) -> Complete | AB8: 244206 | AC8: 15/10/2568 | AD8: =IF(AC8<>"", "Complete", IF(AB8<>"", "In progress", "")) -> Complete | AE8: 22/01/2569 | AG8: =IF(AF8<>"", "Complete", IF(AE8<>"", "In progress", "")) -> In progress | AO8: =IF(AL8<>"", "Complete", IF(AK8<>"", "In progress", ""))
A9: 2 | B9: หมู่ 6 สี่กั๊ก | C9: ทุ่งกระบ่ำ | D9: เลาขวัญ | E9: กาญจนบุรี | F9: ภาคตะวันตก | G9: ที่ทำการบ้าน ผู้ใหญ่บ้าน | H9: 9 | I9: 90 | J9: 14.588587 | K9: 99.638117 | L9: 15/09/2568 | M9: 15/09/2568 | N9: =IF(M9<>"", "Complete", IF(L9<>"", "In progress", "")) -> Complete | O9: Complete | P9: 19/11/2568 | Q9: 19/11/2568 | R9: =IF( AND( OR(H9=9,H9=18,H9=30), OR(F9="ภาคเหนือ",F9="ภาคใต้",F9="ภาคตะวันออก",F9="ภาคตะวันตก",F9="ภาคตะวันออกเฉียงเหนือ") ), IF(Q9<>"","Complete",IF(P9<>"","In progress","")), "-" ) -> Complete | S9: 28/11/2568 | T9: 15/10/2568 | V9: =IF(U9<>"", "Complete", IF(T9<>"", "In progress", "")) -> In progress | Y9: 15/09/2568 | Z9: 244145 | AA9: =IF(Z9<>"", "Complete", IF(Y9<>"", "In progress", "")) -> Complete | AB9: 244206 | AC9: 15/10/2568 | AD9: =IF(AC9<>"", "Complete", IF(AB9<>"", "In progress", "")) -> Complete | AE9: 22/01/2569 | AG9: =IF(AF9<>"", "Complete", IF(AE9<>"", "In progress", "")) -> In progress | AO9: =IF(AL9<>"", "Complete", IF(AK9<>"", "In progress", ""))
A10: 3 | B10: หมู่ 7 หนองปลิง | C10: ทุ่งกระบ่ำ | D10: เลาขวัญ | E10: กาญจนบุรี | F10: ภาคตะวันตก | G10: ที่ทำการบ้าน ผู้ใหญ่บ้าน | H10: 9 | I10: 104 | J10: 14.567454 | K10: 99.634531 | L10: 15/09/2568 | M10: 15/09/2568 | N10: =IF(M10<>"", "Complete", IF(L10<>"", "In progress", "")) -> Complete | O10: Complete | P10: 19/11/2568 | Q10: 19/11/2568 | R10: =IF( AND( OR(H10=9,H10=18,H10=30), OR(F10="ภาคเหนือ",F10="ภาคใต้",F10="ภาคตะวันออก",F10="ภาคตะวันตก",F10="ภาคตะวันออกเฉียงเหนือ") ), IF(Q10<>"","Complete",IF(P10<>"","In progress","")), "-" ) -> Complete | S10: 28/11/2568 | T10: 15/10/2568 | V10: =IF(U10<>"", "Complete", IF(T10<>"", "In progress", "")) -> In progress | Y10: 15/09/2568 | Z10: 244145 | AA10: =IF(Z10<>"", "Complete", IF(Y10<>"", "In progress", "")) -> Complete | AB10: 244206 | AC10: 15/10/2568 | AD10: =IF(AC10<>"", "Complete", IF(AB10<>"", "In progress", "")) -> Complete | AE10: 22/01/2569 | AG10: =IF(AF10<>"", "Complete", IF(AE10<>"", "In progress", "")) -> In progress | AO10: =IF(AL10<>"", "Complete", IF(AK10<>"", "In progress", ""))
A11: 4 | B11: หมู่ 8 ชัฎดงพลับ | C11: ทุ่งกระบ่ำ | D11: เลาขวัญ | E11: กาญจนบุรี | F11: ภาคตะวันตก | G11: ที่ทำการบ้าน ผู้ใหญ่บ้าน | H11: 9 | I11: 86 | J11: 14.625292 | K11: 99.652235 | L11: 15/09/2568 | M11: 15/09/2568 | N11: =IF(M11<>"", "Complete", IF(L11<>"", "In progress", "")) -> Complete | O11: Complete | P11: 19/11/2568 | Q11: 19/11/2568 | R11: =IF( AND( OR(H11=9,H11=18,H11=30), OR(F11="ภาคเหนือ",F11="ภาคใต้",F11="ภาคตะวันออก",F11="ภาคตะวันตก",F11="ภาคตะวันออกเฉียงเหนือ") ), IF(Q11<>"","Complete",IF(P11<>"","In progress","")), "-" ) -> Complete | S11: 28/11/2568 | T11: 15/10/2568 | V11: =IF(U11<>"", "Complete", IF(T11<>"", "In progress", "")) -> In progress | Y11: 15/09/2568 | Z11: 244145 | AA11: =IF(Z11<>"", "Complete", IF(Y11<>"", "In progress", "")) -> Complete | AB11: 244206 | AC11: 15/10/2568 | AD11: =IF(AC11<>"", "Complete", IF(AB11<>"", "In progress", "")) -> Complete | AE11: 22/01/2569 | AG11: =IF(AF11<>"", "Complete", IF(AE11<>"", "In progress", "")) -> In progress | AO11: =IF(AL11<>"", "Complete", IF(AK11<>"", "In progress", ""))
A12: 5 | B12: หมู่ 2 หนองเค็ด | C12: หนองนกแก้ว | D12: เลาขวัญ | E12: กาญจนบุรี | F12: ภาคตะวันตก | G12: ที่ทำการบ้าน ผู้ใหญ่บ้าน | H12: 9 | I12: 105 | J12: 14.477975 | K12: 99.653895 | L12: 15/09/2568 | M12: 15/09/2568 | N12: =IF(M12<>"", "Complete", IF(L12<>"", "In progress", "")) -> Complete | O12: Complete | P12: 19/11/2568 | Q12: 19/11/2568 | R12: =IF( AND( OR(H12=9,H12=18,H12=30), OR(F12="ภาคเหนือ",F12="ภาคใต้",F12="ภาคตะวันออก",F12="ภาคตะวันตก",F12="ภาคตะวันออกเฉียงเหนือ") ), IF(Q12<>"","Complete",IF(P12<>"","In progress","")), "-" ) -> Complete | S12: 28/11/2568 | T12: 15/10/2568 | V12: =IF(U12<>"", "Complete", IF(T12<>"", "In progress", "")) -> In progress | Y12: 15/09/2568 | Z12: 244145 | AA12: =IF(Z12<>"", "Complete", IF(Y12<>"", "In progress", "")) -> Complete | AB12: 244206 | AC12: 15/10/2568 | AD12: =IF(AC12<>"", "Complete", IF(AB12<>"", "In progress", "")) -> Complete | AE12: 22/01/2569 | AG12: =IF(AF12<>"", "Complete", IF(AE12<>"", "In progress", "")) -> In progress | AO12: =IF(AL12<>"", "Complete", IF(AK12<>"", "In progress", ""))
A13: 6 | B13: หมู่ 4 หนองจั่น | C13: หนองนกแก้ว | D13: เลาขวัญ | E13: กาญจนบุรี | F13: ภาคตะวันตก | G13: ที่ทำการบ้าน ผู้ใหญ่บ้าน | H13: 9 | I13: 106 | J13: 14.532685 | K13: 99.649881 | L13: 15/09/2568 | M13: 15/09/2568 | N13: =IF(M13<>"", "Complete", IF(L13<>"", "In progress", "")) -> Complete | O13: Complete | P13: 19/11/2568 | Q13: 19/11/2568 | R13: =IF( AND( OR(H13=9,H13=18,H13=30), OR(F13="ภาคเหนือ",F13="ภาคใต้",F13="ภาคตะวันออก",F13="ภาคตะวันตก",F13="ภาคตะวันออกเฉียงเหนือ") ), IF(Q13<>"","Complete",IF(P13<>"","In progress","")), "-" ) -> Complete | S13: 28/11/2568 | T13: 15/10/2568 | V13: =IF(U13<>"", "Complete", IF(T13<>"", "In progress", "")) -> In progress | Y13: 15/09/2568 | Z13: 244145 | AA13: =IF(Z13<>"", "Complete", IF(Y13<>"", "In progress", "")) -> Complete | AB13: 244206 | AC13: 15/10/2568 | AD13: =IF(AC13<>"", "Complete", IF(AB13<>"", "In progress", "")) -> Complete | AE13: 22/01/2569 | AG13: =IF(AF13<>"", "Complete", IF(AE13<>"", "In progress", "")) -> In progress | AO13: =IF(AL13<>"", "Complete", IF(AK13<>"", "In progress", ""))
A14: 7 | B14: หมู่ 5 หนองขบ | C14: หนองนกแก้ว | D14: เลาขวัญ | E14: กาญจนบุรี | F14: ภาคตะวันตก | G14: ที่ทำการบ้าน ผู้ใหญ่บ้าน | H14: 9 | I14: 87 | J14: 14.494989 | K14: 99.673001 | L14: 15/09/2568 | M14: 15/09/2568 | N14: =IF(M14<>"", "Complete", IF(L14<>"", "In progress", "")) -> Complete | O14: Complete | P14: 19/11/2568 | Q14: 19/11/2568 | R14: =IF( AND( OR(H14=9,H14=18,H14=30), OR(F14="ภาคเหนือ",F14="ภาคใต้",F14="ภาคตะวันออก",F14="ภาคตะวันตก",F14="ภาคตะวันออกเฉียงเหนือ") ), IF(Q14<>"","Complete",IF(P14<>"","In progress","")), "-" ) -> Complete | S14: 28/11/2568 | T14: 15/10/2568 | V14: =IF(U14<>"", "Complete", IF(T14<>"", "In progress", "")) -> In progress | Y14: 15/09/2568 | Z14: 244145 | AA14: =IF(Z14<>"", "Complete", IF(Y14<>"", "In progress", "")) -> Complete | AB14: 244206 | AC14: 15/10/2568 | AD14: =IF(AC14<>"", "Complete", IF(AB14<>"", "In progress", "")) -> Complete | AE14: 22/01/2569 | AG14: =IF(AF14<>"", "Complete", IF(AE14<>"", "In progress", "")) -> In progress | AO14: =IF(AL14<>"", "Complete", IF(AK14<>"", "In progress", ""))
A15: 8 | B15: หมู่ 9 หนองข่อย | C15: หนองนกแก้ว | D15: เลาขวัญ | E15: กาญจนบุรี | F15: ภาคตะวันตก | G15: ที่ทำการบ้าน ผู้ใหญ่บ้าน | H15: 9 | I15: 132 | J15: 14.51521 | K15: 99.633163 | L15: 15/09/2568 | M15: 15/09/2568 | N15: =IF(M15<>"", "Complete", IF(L15<>"", "In progress", "")) -> Complete | O15: Complete | P15: 19/11/2568 | Q15: 19/11/2568 | R15: =IF( AND( OR(H15=9,H15=18,H15=30), OR(F15="ภาคเหนือ",F15="ภาคใต้",F15="ภาคตะวันออก",F15="ภาคตะวันตก",F15="ภาคตะวันออกเฉียงเหนือ") ), IF(Q15<>"","Complete",IF(P15<>"","In progress","")), "-" ) -> Complete | S15: 28/11/2568 | T15: 15/10/2568 | V15: =IF(U15<>"", "Complete", IF(T15<>"", "In progress", "")) -> In progress | Y15: 15/09/2568 | Z15: 244145 | AA15: =IF(Z15<>"", "Complete", IF(Y15<>"", "In progress", "")) -> Complete | AB15: 244206 | AC15: 15/10/2568 | AD15: =IF(AC15<>"", "Complete", IF(AB15<>"", "In progress", "")) -> Complete | AE15: 22/01/2569 | AG15: =IF(AF15<>"", "Complete", IF(AE15<>"", "In progress", "")) -> In progress | AO15: =IF(AL15<>"", "Complete", IF(AK15<>"", "In progress", ""))
A16: 9 | B16: หมู่ 10 หนองมะสังข์ | C16: หนองประดู่ | D16: เลาขวัญ | E16: กาญจนบุรี | F16: ภาคตะวันตก | G16: ที่ทำการบ้าน ผู้ใหญ่บ้าน | H16: 9 | I16: 73 | J16: 14.486867 | K16: 99.695016 | L16: 15/09/2568 | M16: 15/09/2568 | N16: =IF(M16<>"", "Complete", IF(L16<>"", "In progress", "")) -> Complete | O16: Complete | P16: 19/11/2568 | Q16: 19/11/2568 | R16: =IF( AND( OR(H16=9,H16=18,H16=30), OR(F16="ภาคเหนือ",F16="ภาคใต้",F16="ภาคตะวันออก",F16="ภาคตะวันตก",F16="ภาคตะวันออกเฉียงเหนือ") ), IF(Q16<>"","Complete",IF(P16<>"","In progress","")), "-" ) -> Complete | S16: 28/11/2568 | T16: 15/10/2568 | V16: =IF(U16<>"", "Complete", IF(T16<>"", "In progress", "")) -> In progress | Y16: 15/09/2568 | Z16: 244145 | AA16: =IF(Z16<>"", "Complete", IF(Y16<>"", "In progress", "")) -> Complete | AB16: 244206 | AC16: 15/10/2568 | AD16: =IF(AC16<>"", "Complete", IF(AB16<>"", "In progress", "")) -> Complete | AE16: 22/01/2569 | AG16: =IF(AF16<>"", "Complete", IF(AE16<>"", "In progress", "")) -> In progress | AO16: =IF(AL16<>"", "Complete", IF(AK16<>"", "In progress", ""))
A17: 10 | B17: หมู่ 11 หนองตาเกิด | C17: หนองประดู่ | D17: เลาขวัญ | E17: กาญจนบุรี | F17: ภาคตะวันตก | G17: ที่ทำการบ้าน ผู้ใหญ่บ้าน | H17: 9 | I17: 42 | J17: 14.448948 | K17: 99.723167 | L17: 15/09/2568 | M17: 15/09/2568 | N17: =IF(M17<>"", "Complete", IF(L17<>"", "In progress", "")) -> Complete | O17: Complete | P17: 19/11/2568 | Q17: 19/11/2568 | R17: =IF( AND( OR(H17=9,H17=18,H17=30), OR(F17="ภาคเหนือ",F17="ภาคใต้",F17="ภาคตะวันออก",F17="ภาคตะวันตก",F17="ภาคตะวันออกเฉียงเหนือ") ), IF(Q17<>"","Complete",IF(P17<>"","In progress","")), "-" ) -> Complete | S17: 28/11/2568 | T17: 15/10/2568 | V17: =IF(U17<>"", "Complete", IF(T17<>"", "In progress", "")) -> In progress | Y17: 15/09/2568 | Z17: 244145 | AA17: =IF(Z17<>"", "Complete", IF(Y17<>"", "In progress", "")) -> Complete | AB17: 244206 | AC17: 15/10/2568 | AD17: =IF(AC17<>"", "Complete", IF(AB17<>"", "In progress", "")) -> Complete | AE17: 22/01/2569 | AG17: =IF(AF17<>"", "Complete", IF(AE17<>"", "In progress", "")) -> In progress | AO17: =IF(AL17<>"", "Complete", IF(AK17<>"", "In progress", ""))
A18: 11 | B18: หมู่ 3 ตลุงเหนือ | C18: หนองประดู่ | D18: เลาขวัญ | E18: กาญจนบุรี | F18: ภาคตะวันตก | G18: ที่ทำการบ้าน ผู้ใหญ่บ้าน | H18: 9 | I18: 40 | J18: 14.421935 | K18: 99.727385 | L18: 15/09/2568 | M18: 15/09/2568 | N18: =IF(M18<>"", "Complete", IF(L18<>"", "In progress", "")) -> Complete | O18: Complete | P18: 19/11/2568 | Q18: 19/11/2568 | R18: =IF( AND( OR(H18=9,H18=18,H18=30), OR(F18="ภาคเหนือ",F18="ภาคใต้",F18="ภาคตะวันออก",F18="ภาคตะวันตก",F18="ภาคตะวันออกเฉียงเหนือ") ), IF(Q18<>"","Complete",IF(P18<>"","In progress","")), "-" ) -> Complete | S18: 28/11/2568 | T18: 15/10/2568 | V18: =IF(U18<>"", "Complete", IF(T18<>"", "In progress", "")) -> In progress | Y18: 15/09/2568 | Z18: 244145 | AA18: =IF(Z18<>"", "Complete", IF(Y18<>"", "In progress", "")) -> Complete | AB18: 244206 | AC18: 15/10/2568 | AD18: =IF(AC18<>"", "Complete", IF(AB18<>"", "In progress", "")) -> Complete | AE18: 22/01/2569 | AG18: =IF(AF18<>"", "Complete", IF(AE18<>"", "In progress", "")) -> In progress | AO18: =IF(AL18<>"", "Complete", IF(AK18<>"", "In progress", ""))
A19: 12 | B19: หมู่ 5 หนองปรือ | C19: หนองประดู่ | D19: เลาขวัญ | E19: กาญจนบุรี | F19: ภาคตะวันตก | G19: ที่ทำการบ้าน ผู้ใหญ่บ้าน | H19: 9 | I19: 40 | J19: 14.435006 | K19: 99.735956 | L19: 15/09/2568 | M19: 15/09/2568 | N19: =IF(M19<>"", "Complete", IF(L19<>"", "In progress", "")) -> Complete | O19: Complete | P19: 19/11/2568 | Q19: 19/11/2568 | R19: =IF( AND( OR(H19=9,H19=18,H19=30), OR(F19="ภาคเหนือ",F19="ภาคใต้",F19="ภาคตะวันออก",F19="ภาคตะวันตก",F19="ภาคตะวันออกเฉียงเหนือ") ), IF(Q19<>"","Complete",IF(P19<>"","In progress","")), "-" ) -> Complete | S19: 28/11/2568 | T19: 15/10/2568 | V19: =IF(U19<>"", "Complete", IF(T19<>"", "In progress", "")) -> In progress | Y19: 15/09/2568 | Z19: 244145 | AA19: =IF(Z19<>"", "Complete", IF(Y19<>"", "In progress", "")) -> Complete | AB19: 244206 | AC19: 15/10/2568 | AD19: =IF(AC19<>"", "Complete", IF(AB19<>"", "In progress", "")) -> Complete | AE19: 22/01/2569 | AG19: =IF(AF19<>"", "Complete", IF(AE19<>"", "In progress", "")) -> In progress | AO19: =IF(AL19<>"", "Complete", IF(AK19<>"", "In progress", ""))
... A22: 15 | B22: หมู่ 9 เหียงงาม | C22: หนองประดู่ | D22: เลาขวัญ | E22: กาญจนบุรี | F22: ภาคตะวันตก | G22: ที่ทำการบ้าน ผู้ใหญ่บ้าน | H22: 9 | I22: 34 | J22: 14.406573 | K22: 99.741555 | L22: 15/09/2568 | M22: 15/09/2568 | N22: =IF(M22<>"", "Complete", IF(L22<>"", "In progress", "")) -> Complete | O22: Complete | P22: 19/11/2568 | Q22: 19/11/2568 | R22: =IF( AND( OR(H22=9,H22=18,H22=30), OR(F22="ภาคเหนือ",F22="ภาคใต้",F22="ภาคตะวันออก",F22="ภาคตะวันตก",F22="ภาคตะวันออกเฉียงเหนือ") ), IF(Q22<>"","Complete",IF(P22<>"","In progress","")), "-" ) -> Complete | S22: 28/11/2568 | T22: 15/10/2568 | V22: =IF(U22<>"", "Complete", IF(T22<>"", "In progress", "")) -> In progress | Y22: 15/09/2568 | Z22: 244145 | AA22: =IF(Z22<>"", "Complete", IF(Y22<>"", "In progress", "")) -> Complete | AB22: 244206 | AC22: 15/10/2568 | AD22: =IF(AC22<>"", "Complete", IF(AB22<>"", "In progress", "")) -> Complete | AE22: 22/01/2569 | AG22: =IF(AF22<>"", "Complete", IF(AE22<>"", "In progress", "")) -> In progress | AO22: =IF(AL22<>"", "Complete", IF(AK22<>"", "In progress", ""))
A23: 16 | B23: หมู่ 1 หนองมะเขือ | C23: วังไผ่ | D23: ห้วยกระเจา | E23: กาญจนบุรี | F23: ภาคตะวันตก | G23: ที่ทำการบ้าน ผู้ใหญ่บ้าน | H23: 18 | I23: 43 | J23: 14.359956 | K23: 99.67207 | L23: 15/09/2568 | M23: 15/09/2568 | N23: =IF(M23<>"", "Complete", IF(L23<>"", "In progress", "")) -> Complete | O23: Complete | P23: 18/11/2568 | Q23: 22/11/2568 | R23: =IF( AND( OR(H23=9,H23=18,H23=30), OR(F23="ภาคเหนือ",F23="ภาคใต้",F23="ภาคตะวันออก",F23="ภาคตะวันตก",F23="ภาคตะวันออกเฉียงเหนือ") ), IF(Q23<>"","Complete",IF(P23<>"","In progress","")), "-" ) -> Complete | S23: 28/11/2568 | T23: 15/10/2568 | V23: =IF(U23<>"", "Complete", IF(T23<>"", "In progress", "")) -> In progress | Y23: 15/10/2568 | Z23: 21/10/2568 | AA23: =IF(Z23<>"", "Complete", IF(Y23<>"", "In progress", "")) -> Complete | AB23: 14/11/2568 | AC23: 26/11/2568 | AD23: =IF(AC23<>"", "Complete", IF(AB23<>"", "In progress", "")) -> Complete | AE23: 244470 | AF23: 244470 | AG23: =IF(AF23<>"", "Complete", IF(AE23<>"", "In progress", "")) -> Complete | AI23: 16/1/2569 | AJ23: 23/1/2569 | AK23: 244684 | AO23: =IF(AL23<>"", "Complete", IF(AK23<>"", "In progress", "")) -> In progress
A24: 17 | B24: หมู่ 10 หนองโก | C24: วังไผ่ | D24: ห้วยกระเจา | E24: กาญจนบุรี | F24: ภาคตะวันตก | G24: ที่ทำการบ้าน ผู้ใหญ่บ้าน | H24: 9 | I24: 57 | J24: 14.39692 | K24: 99.66664 | L24: 15/09/2568 | M24: 15/09/2568 | N24: =IF(M24<>"", "Complete", IF(L24<>"", "In progress", "")) -> Complete | O24: Complete | P24: 19/11/2568 | Q24: 19/11/2568 | R24: =IF( AND( OR(H24=9,H24=18,H24=30), OR(F24="ภาคเหนือ",F24="ภาคใต้",F24="ภาคตะวันออก",F24="ภาคตะวันตก",F24="ภาคตะวันออกเฉียงเหนือ") ), IF(Q24<>"","Complete",IF(P24<>"","In progress","")), "-" ) -> Complete | S24: 28/11/2568 | T24: 15/10/2568 | V24: =IF(U24<>"", "Complete", IF(T24<>"", "In progress", "")) -> In progress | Y24: 15/09/2568 | Z24: 244145 | AA24: =IF(Z24<>"", "Complete", IF(Y24<>"", "In progress", "")) -> Complete | AB24: 244206 | AC24: 15/10/2568 | AD24: =IF(AC24<>"", "Complete", IF(AB24<>"", "In progress", "")) -> Complete | AE24: 22/01/2569 | AG24: =IF(AF24<>"", "Complete", IF(AE24<>"", "In progress", "")) -> In progress | AO24: =IF(AL24<>"", "Complete", IF(AK24<>"", "In progress", ""))
A25: 18 | B25: หมู่ 11 วังสมบูรณ์ | C25: วังไผ่ | D25: ห้วยกระเจา | E25: กาญจนบุรี | F25: ภาคตะวันตก | G25: ที่ทำการบ้าน ผู้ใหญ่บ้าน | H25: 9 | I25: 62 | J25: 14.379446 | K25: 99.647717 | L25: 15/09/2568 | M25: 15/09/2568 | N25: =IF(M25<>"", "Complete", IF(L25<>"", "In progress", "")) -> Complete | O25: Complete | P25: 19/11/2568 | Q25: 19/11/2568 | R25: =IF( AND( OR(H25=9,H25=18,H25=30), OR(F25="ภาคเหนือ",F25="ภาคใต้",F25="ภาคตะวันออก",F25="ภาคตะวันตก",F25="ภาคตะวันออกเฉียงเหนือ") ), IF(Q25<>"","Complete",IF(P25<>"","In progress","")), "-" ) -> Complete | S25: 28/11/2568 | T25: 15/10/2568 | V25: =IF(U25<>"", "Complete", IF(T25<>"", "In progress", "")) -> In progress | Y25: 15/09/2568 | Z25: 244145 | AA25: =IF(Z25<>"", "Complete", IF(Y25<>"", "In progress", "")) -> Complete | AB25: 244206 | AC25: 15/10/2568 | AD25: =IF(AC25<>"", "Complete", IF(AB25<>"", "In progress", "")) -> Complete | AE25: 22/01/2569 | AG25: =IF(AF25<>"", "Complete", IF(AE25<>"", "In progress", "")) -> In progress | AO25: =IF(AL25<>"", "Complete", IF(AK25<>"", "In progress", ""))
A26: 19 | B26: หมู่ 2 วังมะค่า | C26: วังไผ่ | D26: ห้วยกระเจา | E26: กาญจนบุรี | F26: ภาคตะวันตก | G26: ที่ทำการบ้าน ผู้ใหญ่บ้าน | H26: 9 | I26: 58 | J26: 14.358156 | K26: 99.663729 | L26: 15/09/2568 | M26: 15/09/2568 | N26: =IF(M26<>"", "Complete", IF(L26<>"", "In progress", "")) -> Complete | O26: Complete | P26: 19/11/2568 | Q26: 19/11/2568 | R26: =IF( AND( OR(H26=9,H26=18,H26=30), OR(F26="ภาคเหนือ",F26="ภาคใต้",F26="ภาคตะวันออก",F26="ภาคตะวันตก",F26="ภาคตะวันออกเฉียงเหนือ") ), IF(Q26<>"","Complete",IF(P26<>"","In progress","")), "-" ) -> Complete | S26: 28/11/2568 | T26: 15/10/2568 | V26: =IF(U26<>"", "Complete", IF(T26<>"", "In progress", "")) -> In progress | Y26: 15/09/2568 | Z26: 244145 | AA26: =IF(Z26<>"", "Complete", IF(Y26<>"", "In progress", "")) -> Complete | AB26: 244206 | AC26: 15/10/2568 | AD26: =IF(AC26<>"", "Complete", IF(AB26<>"", "In progress", "")) -> Complete | AE26: 22/01/2569 | AG26: =IF(AF26<>"", "Complete", IF(AE26<>"", "In progress", "")) -> In progress | AO26: =IF(AL26<>"", "Complete", IF(AK26<>"", "In progress", ""))
A27: 20 | B27: หมู่ 3 นาตามิ่ง | C27: วังไผ่ | D27: ห้วยกระเจา | E27: กาญจนบุรี | F27: ภาคตะวันตก | G27: ที่ทำการบ้าน ผู้ใหญ่บ้าน | H27: 9 | I27: 46 | J27: 14.376531 | K27: 99.675022 | L27: 15/09/2568 | M27: 15/09/2568 | N27: =IF(M27<>"", "Complete", IF(L27<>"", "In progress", "")) -> Complete | O27: Complete | P27: 19/11/2568 | Q27: 19/11/2568 | R27: =IF( AND( OR(H27=9,H27=18,H27=30), OR(F27="ภาคเหนือ",F27="ภาคใต้",F27="ภาคตะวันออก",F27="ภาคตะวันตก",F27="ภาคตะวันออกเฉียงเหนือ") ), IF(Q27<>"","Complete",IF(P27<>"","In progress","")), "-" ) -> Complete | S27: 28/11/2568 | T27: 15/10/2568 | V27: =IF(U27<>"", "Complete", IF(T27<>"", "In progress", "")) -> In progress | Y27: 15/09/2568 | Z27: 244145 | AA27: =IF(Z27<>"", "Complete", IF(Y27<>"", "In progress", "")) -> Complete | AB27: 244206 | AC27: 15/10/2568 | AD27: =IF(AC27<>"", "Complete", IF(AB27<>"", "In progress", "")) -> Complete | AE27: 22/01/2569 | AG27: =IF(AF27<>"", "Complete", IF(AE27<>"", "In progress", "")) -> In progress | AO27: =IF(AL27<>"", "Complete", IF(AK27<>"", "In progress", ""))
A28: 21 | B28: หมู่ 4 วังไผ่ | C28: วังไผ่ | D28: ห้วยกระเจา | E28: กาญจนบุรี | F28: ภาคตะวันตก | G28: ที่ทำการบ้านผู้ช่วย ผู้ใหญ่บ้าน | H28: 9 | I28: 49 | J28: 14.36226 | K28: 99.668808 | L28: 15/09/2568 | M28: 15/09/2568 | N28: =IF(M28<>"", "Complete", IF(L28<>"", "In progress", "")) -> Complete | O28: Complete | P28: 19/11/2568 | Q28: 19/11/2568 | R28: =IF( AND( OR(H28=9,H28=18,H28=30), OR(F28="ภาคเหนือ",F28="ภาคใต้",F28="ภาคตะวันออก",F28="ภาคตะวันตก",F28="ภาคตะวันออกเฉียงเหนือ") ), IF(Q28<>"","Complete",IF(P28<>"","In progress","")), "-" ) -> Complete | S28: 28/11/2568 | T28: 15/10/2568 | V28: =IF(U28<>"", "Complete", IF(T28<>"", "In progress", "")) -> In progress | Y28: 15/09/2568 | Z28: 244145 | AA28: =IF(Z28<>"", "Complete", IF(Y28<>"", "In progress", "")) -> Complete | AB28: 244206 | AC28: 15/10/2568 | AD28: =IF(AC28<>"", "Complete", IF(AB28<>"", "In progress", "")) -> Complete | AE28: 22/01/2569 | AG28: =IF(AF28<>"", "Complete", IF(AE28<>"", "In progress", "")) -> In progress | AO28: =IF(AL28<>"", "Complete", IF(AK28<>"", "In progress", ""))
A29: 22 | B29: หมู่ 5 นาใหม่ | C29: วังไผ่ | D29: ห้วยกระเจา | E29: กาญจนบุรี | F29: ภาคตะวันตก | G29: ที่ทำการบ้าน กำนัน | H29: 9 | I29: 42 | J29: 14.391267 | K29: 99.692071 | L29: 15/09/2568 | M29: 15/09/2568 | N29: =IF(M29<>"", "Complete", IF(L29<>"", "In progress", "")) -> Complete | O29: Complete | P29: 19/11/2568 | Q29: 19/11/2568 | R29: =IF( AND( OR(H29=9,H29=18,H29=30), OR(F29="ภาคเหนือ",F29="ภาคใต้",F29="ภาคตะวันออก",F29="ภาคตะวันตก",F29="ภาคตะวันออกเฉียงเหนือ") ), IF(Q29<>"","Complete",IF(P29<>"","In progress","")), "-" ) -> Complete | S29: 28/11/2568 | T29: 15/10/2568 | V29: =IF(U29<>"", "Complete", IF(T29<>"", "In progress", "")) -> In progress | Y29: 15/09/2568 | Z29: 244145 | AA29: =IF(Z29<>"", "Complete", IF(Y29<>"", "In progress", "")) -> Complete | AB29: 244206 | AC29: 15/10/2568 | AD29: =IF(AC29<>"", "Complete", IF(AB29<>"", "In progress", "")) -> Complete | AE29: 22/01/2569 | AG29: =IF(AF29<>"", "Complete", IF(AE29<>"", "In progress", "")) -> In progress | AO29: =IF(AL29<>"", "Complete", IF(AK29<>"", "In progress", ""))
A30: 23 | B30: หมู่ 6 หนองตายอด | C30: วังไผ่ | D30: ห้วยกระเจา | E30: กาญจนบุรี | F30: ภาคตะวันตก | G30: ที่ทำการบ้าน ผู้ใหญ่บ้าน | H30: 9 | I30: 59 | J30: 14.373447 | K30: 99.644687 | L30: 15/09/2568 | M30: 15/09/2568 | N30: =IF(M30<>"", "Complete", IF(L30<>"", "In progress", "")) -> Complete | O30: Complete | P30: 19/11/2568 | Q30: 19/11/2568 | R30: =IF( AND( OR(H30=9,H30=18,H30=30), OR(F30="ภาคเหนือ",F30="ภาคใต้",F30="ภาคตะวันออก",F30="ภาคตะวันตก",F30="ภาคตะวันออกเฉียงเหนือ") ), IF(Q30<>"","Complete",IF(P30<>"","In progress","")), "-" ) -> Complete | S30: 28/11/2568 | T30: 15/10/2568 | V30: =IF(U30<>"", "Complete", IF(T30<>"", "In progress", "")) -> In progress | Y30: 15/09/2568 | Z30: 244145 | AA30: =IF(Z30<>"", "Complete", IF(Y30<>"", "In progress", "")) -> Complete | AB30: 244206 | AC30: 15/10/2568 | AD30: =IF(AC30<>"", "Complete", IF(AB30<>"", "In progress", "")) -> Complete | AE30: 22/01/2569 | AG30: =IF(AF30<>"", "Complete", IF(AE30<>"", "In progress", "")) -> In progress | AO30: =IF(AL30<>"", "Complete", IF(AK30<>"", "In progress", ""))
A31: 24 | B31: หมู่ 7 หนองมะสังข์ | C31: วังไผ่ | D31: ห้วยกระเจา | E31: กาญจนบุรี | F31: ภาคตะวันตก | G31: ศาลาประชาคม | H31: 9 | I31: 31.4 | J31: 14.379073 | K31: 99.654609 | L31: 15/09/2568 | M31: 15/09/2568 | N31: =IF(M31<>"", "Complete", IF(L31<>"", "In progress", "")) -> Complete | O31: Complete | P31: 19/11/2568 | Q31: 19/11/2568 | R31: =IF( AND( OR(H31=9,H31=18,H31=30), OR(F31="ภาคเหนือ",F31="ภาคใต้",F31="ภาคตะวันออก",F31="ภาคตะวันตก",F31="ภาคตะวันออกเฉียงเหนือ") ), IF(Q31<>"","Complete",IF(P31<>"","In progress","")), "-" ) -> Complete | S31: 28/11/2568 | T31: 15/10/2568 | V31: =IF(U31<>"", "Complete", IF(T31<>"", "In progress", "")) -> In progress | Y31: 15/09/2568 | Z31: 244145 | AA31: =IF(Z31<>"", "Complete", IF(Y31<>"", "In progress", "")) -> Complete | AB31: 244206 | AC31: 15/10/2568 | AD31: =IF(AC31<>"", "Complete", IF(AB31<>"", "In progress", "")) -> Complete | AE31: 22/01/2569 | AG31: =IF(AF31<>"", "Complete", IF(AE31<>"", "In progress", "")) -> In progress | AO31: =IF(AL31<>"", "Complete", IF(AK31<>"", "In progress", ""))
A32: 25 | B32: หมู่ 9 บ่อทอง | C32: วังไผ่ | D32: ห้วยกระเจา | E32: กาญจนบุรี | F32: ภาคตะวันตก | G32: ที่ทำการบ้าน ผู้ใหญ่บ้าน | H32: 9 | I32: 75 | J32: 14.408834 | K32: 99.644617 | L32: 15/09/2568 | M32: 15/09/2568 | N32: =IF(M32<>"", "Complete", IF(L32<>"", "In progress", "")) -> Complete | O32: Complete | P32: 19/11/2568 | Q32: 19/11/2568 | R32: =IF( AND( OR(H32=9,H32=18,H32=30), OR(F32="ภาคเหนือ",F32="ภาคใต้",F32="ภาคตะวันออก",F32="ภาคตะวันตก",F32="ภาคตะวันออกเฉียงเหนือ") ), IF(Q32<>"","Complete",IF(P32<>"","In progress","")), "-" ) -> Complete | S32: 28/11/2568 | T32: 15/10/2568 | V32: =IF(U32<>"", "Complete", IF(T32<>"", "In progress", "")) -> In progress | Y32: 15/09/2568 | Z32: 244145 | AA32: =IF(Z32<>"", "Complete", IF(Y32<>"", "In progress", "")) -> Complete | AB32: 244206 | AC32: 15/10/2568 | AD32: =IF(AC32<>"", "Complete", IF(AB32<>"", "In progress", "")) -> Complete | AE32: 22/01/2569 | AG32: =IF(AF32<>"", "Complete", IF(AE32<>"", "In progress", "")) -> In progress | AO32: =IF(AL32<>"", "Complete", IF(AK32<>"", "In progress", ""))
A33: 26 | B33: หมู่ 12 กรอกตาโพธิ์ | C33: สระลงเรือ | D33: ห้วยกระเจา | E33: กาญจนบุรี | F33: ภาคตะวันตก | G33: ที่ทำการบ้าน ผู้ใหญ่บ้าน | H33: 9 | I33: 26 | J33: 14.374583 | K33: 99.736028 | L33: 15/09/2568 | M33: 15/09/2568 | N33: =IF(M33<>"", "Complete", IF(L33<>"", "In progress", "")) -> Complete | O33: Complete | P33: 19/11/2568 | Q33: 19/11/2568 | R33: =IF( AND( OR(H33=9,H33=18,H33=30), OR(F33="ภาคเหนือ",F33="ภาคใต้",F33="ภาคตะวันออก",F33="ภาคตะวันตก",F33="ภาคตะวันออกเฉียงเหนือ") ), IF(Q33<>"","Complete",IF(P33<>"","In progress","")), "-" ) -> Complete | S33: 28/11/2568 | T33: 15/10/2568 | V33: =IF(U33<>"", "Complete", IF(T33<>"", "In progress", "")) -> In progress | Y33: 15/09/2568 | Z33: 244145 | AA33: =IF(Z33<>"", "Complete", IF(Y33<>"", "In progress", "")) -> Complete | AB33: 244206 | AC33: 15/10/2568 | AD33: =IF(AC33<>"", "Complete", IF(AB33<>"", "In progress", "")) -> Complete | AE33: 22/01/2569 | AG33: =IF(AF33<>"", "Complete", IF(AE33<>"", "In progress", "")) -> In progress | AO33: =IF(AL33<>"", "Complete", IF(AK33<>"", "In progress", ""))
A34: 27 | B34: หมู่ 13 หนองปลอดภัย | C34: สระลงเรือ | D34: ห้วยกระเจา | E34: กาญจนบุรี | F34: ภาคตะวันตก | G34: ที่ทำการบ้าน ผู้ใหญ่บ้าน | H34: 9 | I34: 27 | J34: 14.365289 | K34: 99.727479 | L34: 15/09/2568 | M34: 15/09/2568 | N34: =IF(M34<>"", "Complete", IF(L34<>"", "In progress", "")) -> Complete | O34: Complete | P34: 19/11/2568 | Q34: 19/11/2568 | R34: =IF( AND( OR(H34=9,H34=18,H34=30), OR(F34="ภาคเหนือ",F34="ภาคใต้",F34="ภาคตะวันออก",F34="ภาคตะวันตก",F34="ภาคตะวันออกเฉียงเหนือ") ), IF(Q34<>"","Complete",IF(P34<>"","In progress","")), "-" ) -> Complete | S34: 28/11/2568 | T34: 15/10/2568 | V34: =IF(U34<>"", "Complete", IF(T34<>"", "In progress", "")) -> In progress | Y34: 15/09/2568 | Z34: 244145 | AA34: =IF(Z34<>"", "Complete", IF(Y34<>"", "In progress", "")) -> Complete | AB34: 244206 | AC34: 15/10/2568 | AD34: =IF(AC34<>"", "Complete", IF(AB34<>"", "In progress", "")) -> Complete | AE34: 22/01/2569 | AG34: =IF(AF34<>"", "Complete", IF(AE34<>"", "In progress", "")) -> In progress | AO34: =IF(AL34<>"", "Complete", IF(AK34<>"", "In progress", ""))
A35: 28 | B35: หมู่ 6 ห้วยลึก | C35: สระลงเรือ | D35: ห้วยกระเจา | E35: กาญจนบุรี | F35: ภาคตะวันตก | G35: ที่ทำการบ้าน ผู้ใหญ่บ้าน | H35: 9 | I35: 28 | J35: 14.391364 | K35: 99.746643 | L35: 15/09/2568 | M35: 15/09/2568 | N35: =IF(M35<>"", "Complete", IF(L35<>"", "In progress", "")) -> Complete | O35: Complete | P35: 19/11/2568 | Q35: 19/11/2568 | R35: =IF( AND( OR(H35=9,H35=18,H35=30), OR(F35="ภาคเหนือ",F35="ภาคใต้",F35="ภาคตะวันออก",F35="ภาคตะวันตก",F35="ภาคตะวันออกเฉียงเหนือ") ), IF(Q35<>"","Complete",IF(P35<>"","In progress","")), "-" ) -> Complete | S35: 28/11/2568 | T35: 15/10/2568 | V35: =IF(U35<>"", "Complete", IF(T35<>"", "In progress", "")) -> In progress | Y35: 15/09/2568 | Z35: 244145 | AA35: =IF(Z35<>"", "Complete", IF(Y35<>"", "In progress", "")) -> Complete | AB35: 244206 | AC35: 15/10/2568 | AD35: =IF(AC35<>"", "Complete", IF(AB35<>"", "In progress", "")) -> Complete | AE35: 22/01/2569 | AG35: =IF(AF35<>"", "Complete", IF(AE35<>"", "In progress", "")) -> In progress | AO35: =IF(AL35<>"", "Complete", IF(AK35<>"", "In progress", ""))
... A42: 35 | B42: หมู่ 6 บ้านเกาะแก้ว | C42: ปางมะค่า | D42: ขาณุวรลักษบุรี | E42: กำแพงเพชร | F42: ภาคเหนือ | G42: ที่ทำการบ้าน ผู้ใหญ่บ้าน | H42: 9 | I42: 129 | J42: 15.91913 | K42: 99.40145 | L42: 15/09/2568 | M42: 17/09/2568 | N42: =IF(M42<>"", "Complete", IF(L42<>"", "In progress", "")) -> Complete | O42: Complete | P42: 19/11/2568 | Q42: 19/11/2568 | R42: =IF( AND( OR(H42=9,H42=18,H42=30), OR(F42="ภาคเหนือ",F42="ภาคใต้",F42="ภาคตะวันออก",F42="ภาคตะวันตก",F42="ภาคตะวันออกเฉียงเหนือ") ), IF(Q42<>"","Complete",IF(P42<>"","In progress","")), "-" ) -> Complete | S42: 28/11/2568 | T42: 17/10/2568 | V42: =IF(U42<>"", "Complete", IF(T42<>"", "In progress", "")) -> In progress | Y42: 15/09/2568 | Z42: 244145 | AA42: =IF(Z42<>"", "Complete", IF(Y42<>"", "In progress", "")) -> Complete | AB42: 244206 | AC42: 15/10/2568 | AD42: =IF(AC42<>"", "Complete", IF(AB42<>"", "In progress", "")) -> Complete | AE42: 22/01/2569 | AG42: =IF(AF42<>"", "Complete", IF(AE42<>"", "In progress", "")) -> In progress | AO42: =IF(AL42<>"", "Complete", IF(AK42<>"", "In progress", ""))
A43: 36 | B43: หมู่ 19 บ้านศรีสมบูรณ์ | C43: ปางมะค่า | D43: ขาณุวรลักษบุรี | E43: กำแพงเพชร | F43: ภาคเหนือ | G43: ศาลาประชาคม | H43: 18 | I43: 125 | J43: 15.92749 | K43: 99.42296 | L43: 15/09/2568 | M43: 18/09/2568 | N43: =IF(M43<>"", "Complete", IF(L43<>"", "In progress", "")) -> Complete | O43: Complete | P43: 19/11/2568 | Q43: 18/11/2568 | R43: =IF( AND( OR(H43=9,H43=18,H43=30), OR(F43="ภาคเหนือ",F43="ภาคใต้",F43="ภาคตะวันออก",F43="ภาคตะวันตก",F43="ภาคตะวันออกเฉียงเหนือ") ), IF(Q43<>"","Complete",IF(P43<>"","In progress","")), "-" ) -> Complete | S43: 28/11/2568 | T43: 18/10/2568 | V43: =IF(U43<>"", "Complete", IF(T43<>"", "In progress", "")) -> In progress | Y43: 15/10/2568 | Z43: 21/10/2568 | AA43: =IF(Z43<>"", "Complete", IF(Y43<>"", "In progress", "")) -> Complete | AB43: 14/11/2568 | AC43: 26/11/2568 | AD43: =IF(AC43<>"", "Complete", IF(AB43<>"", "In progress", "")) -> Complete | AE43: 244470 | AF43: 244470 | AG43: =IF(AF43<>"", "Complete", IF(AE43<>"", "In progress", "")) -> Complete | AH43: 244684 | AI43: 15/1/2569 | AJ43: 23/1/2569 | AK43: 14/1/2569 | AO43: =IF(AL43<>"", "Complete", IF(AK43<>"", "In progress", "")) -> In progress
A44: 37 | B44: หมู่ 12 มอตะแบก | C44: คลองลานพัฒนา | D44: คลองลาน | E44: กำแพงเพชร | F44: ภาคเหนือ | G44: ที่ทำการบ้าน ผู้ใหญ่บ้าน | H44: 9 | I44: 132 | J44: 16.105584 | K44: 99.371336 | L44: 15/09/2568 | M44: 16/09/2568 | N44: =IF(M44<>"", "Complete", IF(L44<>"", "In progress", "")) -> Complete | O44: Complete | P44: 19/11/2568 | Q44: 19/11/2568 | R44: =IF( AND( OR(H44=9,H44=18,H44=30), OR(F44="ภาคเหนือ",F44="ภาคใต้",F44="ภาคตะวันออก",F44="ภาคตะวันตก",F44="ภาคตะวันออกเฉียงเหนือ") ), IF(Q44<>"","Complete",IF(P44<>"","In progress","")), "-" ) -> Complete | S44: 28/11/2568 | T44: 16/10/2568 | V44: =IF(U44<>"", "Complete", IF(T44<>"", "In progress", "")) -> In progress | Y44: 15/09/2568 | Z44: 244145 | AA44: =IF(Z44<>"", "Complete", IF(Y44<>"", "In progress", "")) -> Complete | AB44: 244206 | AC44: 15/10/2568 | AD44: =IF(AC44<>"", "Complete", IF(AB44<>"", "In progress", "")) -> Complete | AE44: 22/01/2569 | AG44: =IF(AF44<>"", "Complete", IF(AE44<>"", "In progress", "")) -> In progress | AO44: =IF(AL44<>"", "Complete", IF(AK44<>"", "In progress", ""))
A45: 38 | B45: หมู่ 4 ปากคลองลาน | C45: คลองลานพัฒนา | D45: คลองลาน | E45: กำแพงเพชร | F45: ภาคเหนือ | G45: ที่ทำการบ้าน ผู้ใหญ่บ้าน | H45: 9 | I45: 121 | J45: 16.072842 | K45: 99.372585 | L45: 15/09/2568 | M45: 16/09/2568 | N45: =IF(M45<>"", "Complete", IF(L45<>"", "In progress", "")) -> Complete | O45: Complete | P45: 19/11/2568 | Q45: 19/11/2568 | R45: =IF( AND( OR(H45=9,H45=18,H45=30), OR(F45="ภาคเหนือ",F45="ภาคใต้",F45="ภาคตะวันออก",F45="ภาคตะวันตก",F45="ภาคตะวันออกเฉียงเหนือ") ), IF(Q45<>"","Complete",IF(P45<>"","In progress","")), "-" ) -> Complete | S45: 28/11/2568 | T45: 16/10/2568 | V45: =IF(U45<>"", "Complete", IF(T45<>"", "In progress", "")) -> In progress | Y45: 15/09/2568 | Z45: 244145 | AA45: =IF(Z45<>"", "Complete", IF(Y45<>"", "In progress", "")) -> Complete | AB45: 244206 | AC45: 15/10/2568 | AD45: =IF(AC45<>"", "Complete", IF(AB45<>"", "In progress", "")) -> Complete | AE45: 22/01/2569 | AG45: =IF(AF45<>"", "Complete", IF(AE45<>"", "In progress", "")) -> In progress | AO45: =IF(AL45<>"", "Complete", IF(AK45<>"", "In progress", ""))
A46: 39 | B46: หมู่ 1 ไพรสวรรค์ | C46: ปางตาไว | D46: ปางศิลาทอง | E46: กำแพงเพชร | F46: ภาคเหนือ | G46: ที่ทำการบ้าน ผู้ใหญ่บ้าน | H46: 9 | I46: 112.8 | J46: 16.06211 | K46: 99.38389 | L46: 15/09/2568 | M46: 16/09/2568 | N46: =IF(M46<>"", "Complete", IF(L46<>"", "In progress", "")) -> Complete | O46: Complete | P46: 19/11/2568 | Q46: 19/11/2568 | R46: =IF( AND( OR(H46=9,H46=18,H46=30), OR(F46="ภาคเหนือ",F46="ภาคใต้",F46="ภาคตะวันออก",F46="ภาคตะวันตก",F46="ภาคตะวันออกเฉียงเหนือ") ), IF(Q46<>"","Complete",IF(P46<>"","In progress","")), "-" ) -> Complete | S46: 28/11/2568 | T46: 16/10/2568 | V46: =IF(U46<>"", "Complete", IF(T46<>"", "In progress", "")) -> In progress | Y46: 15/09/2568 | Z46: 244145 | AA46: =IF(Z46<>"", "Complete", IF(Y46<>"", "In progress", "")) -> Complete | AB46: 244206 | AC46: 15/10/2568 | AD46: =IF(AC46<>"", "Complete", IF(AB46<>"", "In progress", "")) -> Complete | AE46: 22/01/2569 | AG46: =IF(AF46<>"", "Complete", IF(AE46<>"", "In progress", "")) -> In progress | AO46: =IF(AL46<>"", "Complete", IF(AK46<>"", "In progress", ""))
A47: 40 | B47: หมู่ 10 ปางใหม่พัฒนา | C47: ปางตาไว | D47: ปางศิลาทอง | E47: กำแพงเพชร | F47: ภาคเหนือ | G47: ที่ทำการบ้าน ผู้ใหญ่บ้าน | H47: 9 | I47: 150 | J47: 15.99509 | K47: 99.36474 | L47: 15/09/2568 | M47: 16/09/2568 | N47: =IF(M47<>"", "Complete", IF(L47<>"", "In progress", "")) -> Complete | O47: Complete | P47: 19/11/2568 | Q47: 19/11/2568 | R47: =IF( AND( OR(H47=9,H47=18,H47=30), OR(F47="ภาคเหนือ",F47="ภาคใต้",F47="ภาคตะวันออก",F47="ภาคตะวันตก",F47="ภาคตะวันออกเฉียงเหนือ") ), IF(Q47<>"","Complete",IF(P47<>"","In progress","")), "-" ) -> Complete | S47: 28/11/2568 | T47: 16/10/2568 | V47: =IF(U47<>"", "Complete", IF(T47<>"", "In progress", "")) -> In progress | Y47: 15/09/2568 | Z47: 244145 | AA47: =IF(Z47<>"", "Complete", IF(Y47<>"", "In progress", "")) -> Complete | AB47: 244206 | AC47: 15/10/2568 | AD47: =IF(AC47<>"", "Complete", IF(AB47<>"", "In progress", "")) -> Complete | AE47: 22/01/2569 | AG47: =IF(AF47<>"", "Complete", IF(AE47<>"", "In progress", "")) -> In progress | AO47: =IF(AL47<>"", "Complete", IF(AK47<>"", "In progress", ""))
A48: 41 | B48: หมู่ 2 คลองลึกพัฒนา | C48: ปางตาไว | D48: ปางศิลาทอง | E48: กำแพงเพชร | F48: ภาคเหนือ | G48: ที่ทำการบ้าน ผู้ใหญ่บ้าน | H48: 9 | I48: 136.6 | J48: 16.03417 | K48: 99.39663 | L48: 15/09/2568 | M48: 16/09/2568 | N48: =IF(M48<>"", "Complete", IF(L48<>"", "In progress", "")) -> Complete | O48: Complete | P48: 19/11/2568 | Q48: 19/11/2568 | R48: =IF( AND( OR(H48=9,H48=18,H48=30), OR(F48="ภาคเหนือ",F48="ภาคใต้",F48="ภาคตะวันออก",F48="ภาคตะวันตก",F48="ภาคตะวันออกเฉียงเหนือ") ), IF(Q48<>"","Complete",IF(P48<>"","In progress","")), "-" ) -> Complete | S48: 28/11/2568 | T48: 16/10/2568 | V48: =IF(U48<>"", "Complete", IF(T48<>"", "In progress", "")) -> In progress | Y48: 15/09/2568 | Z48: 244145 | AA48: =IF(Z48<>"", "Complete", IF(Y48<>"", "In progress", "")) -> Complete | AB48: 244206 | AC48: 15/10/2568 | AD48: =IF(AC48<>"", "Complete", IF(AB48<>"", "In progress", "")) -> Complete | AE48: 22/01/2569 | AG48: =IF(AF48<>"", "Complete", IF(AE48<>"", "In progress", "")) -> In progress | AO48: =IF(AL48<>"", "Complete", IF(AK48<>"", "In progress", ""))
A49: 42 | B49: หมู่ 3 เพชรเจริญ | C49: ปางตาไว | D49: ปางศิลาทอง | E49: กำแพงเพชร | F49: ภาคเหนือ | G49: ที่ทำการบ้าน ผู้ใหญ่บ้าน | H49: 9 | I49: 142 | J49: 16.02214 | K49: 99.36882 | L49: 15/09/2568 | M49: 16/09/2568 | N49: =IF(M49<>"", "Complete", IF(L49<>"", "In progress", "")) -> Complete | O49: Complete | P49: 19/11/2568 | Q49: 19/11/2568 | R49: =IF( AND( OR(H49=9,H49=18,H49=30), OR(F49="ภาคเหนือ",F49="ภาคใต้",F49="ภาคตะวันออก",F49="ภาคตะวันตก",F49="ภาคตะวันออกเฉียงเหนือ") ), IF(Q49<>"","Complete",IF(P49<>"","In progress","")), "-" ) -> Complete | S49: 28/11/2568 | T49: 16/10/2568 | V49: =IF(U49<>"", "Complete", IF(T49<>"", "In progress", "")) -> In progress | Y49: 15/09/2568 | Z49: 244145 | AA49: =IF(Z49<>"", "Complete", IF(Y49<>"", "In progress", "")) -> Complete | AB49: 244206 | AC49: 15/10/2568 | AD49: =IF(AC49<>"", "Complete", IF(AB49<>"", "In progress", "")) -> Complete | AE49: 22/01/2569 | AG49: =IF(AF49<>"", "Complete", IF(AE49<>"", "In progress", "")) -> In progress | AO49: =IF(AL49<>"", "Complete", IF(AK49<>"", "In progress", ""))
A50: 43 | B50: หมู่ 4 ปางตาไว | C50: ปางตาไว | D50: ปางศิลาทอง | E50: กำแพงเพชร | F50: ภาคเหนือ | G50: ที่ทำการบ้าน ผู้ใหญ่บ้าน | H50: 9 | I50: 142.3 | J50: 15.99898 | K50: 99.37284 | L50: 15/09/2568 | M50: 16/09/2568 | N50: =IF(M50<>"", "Complete", IF(L50<>"", "In progress", "")) -> Complete | O50: Complete | P50: 19/11/2568 | Q50: 19/11/2568 | R50: =IF( AND( OR(H50=9,H50=18,H50=30), OR(F50="ภาคเหนือ",F50="ภาคใต้",F50="ภาคตะวันออก",F50="ภาคตะวันตก",F50="ภาคตะวันออกเฉียงเหนือ") ), IF(Q50<>"","Complete",IF(P50<>"","In progress","")), "-" ) -> Complete | S50: 28/11/2568 | T50: 16/10/2568 | V50: =IF(U50<>"", "Complete", IF(T50<>"", "In progress", "")) -> In progress | Y50: 15/09/2568 | Z50: 244145 | AA50: =IF(Z50<>"", "Complete", IF(Y50<>"", "In progress", "")) -> Complete | AB50: 244206 | AC50: 15/10/2568 | AD50: =IF(AC50<>"", "Complete", IF(AB50<>"", "In progress", "")) -> Complete | AE50: 22/01/2569 | AG50: =IF(AF50<>"", "Complete", IF(AE50<>"", "In progress", "")) -> In progress | AO50: =IF(AL50<>"", "Complete", IF(AK50<>"", "In progress", ""))
A51: 44 | B51: หมู่ 5 ตากฟ้า | C51: ปางตาไว | D51: ปางศิลาทอง | E51: กำแพงเพชร | F51: ภาคเหนือ | G51: ที่ทำการบ้าน กำนัน | H51: 9 | I51: 146.1 | J51: 15.97804 | K51: 99.38115 | L51: 15/09/2568 | M51: 16/09/2568 | N51: =IF(M51<>"", "Complete", IF(L51<>"", "In progress", "")) -> Complete | O51: Complete | P51: 19/11/2568 | Q51: 19/11/2568 | R51: =IF( AND( OR(H51=9,H51=18,H51=30), OR(F51="ภาคเหนือ",F51="ภาคใต้",F51="ภาคตะวันออก",F51="ภาคตะวันตก",F51="ภาคตะวันออกเฉียงเหนือ") ), IF(Q51<>"","Complete",IF(P51<>"","In progress","")), "-" ) -> Complete | S51: 28/11/2568 | T51: 16/10/2568 | V51: =IF(U51<>"", "Complete", IF(T51<>"", "In progress", "")) -> In progress | Y51: 15/09/2568 | Z51: 244145 | AA51: =IF(Z51<>"", "Complete", IF(Y51<>"", "In progress", "")) -> Complete | AB51: 244206 | AC51: 15/10/2568 | AD51: =IF(AC51<>"", "Complete", IF(AB51<>"", "In progress", "")) -> Complete | AE51: 22/01/2569 | AG51: =IF(AF51<>"", "Complete", IF(AE51<>"", "In progress", "")) -> In progress | AO51: =IF(AL51<>"", "Complete", IF(AK51<>"", "In progress", ""))
A52: 45 | B52: หมู่ 6 ปางเหนือ | C52: ปางตาไว | D52: ปางศิลาทอง | E52: กำแพงเพชร | F52: ภาคเหนือ | G52: ที่ทำการบ้าน ผู้ใหญ่บ้าน | H52: 9 | I52: 123.5 | J52: 16.05459 | K52: 99.35604 | L52: 15/09/2568 | M52: 17/09/2568 | N52: =IF(M52<>"", "Complete", IF(L52<>"", "In progress", "")) -> Complete | O52: Complete | P52: 19/11/2568 | Q52: 19/11/2568 | R52: =IF( AND( OR(H52=9,H52=18,H52=30), OR(F52="ภาคเหนือ",F52="ภาคใต้",F52="ภาคตะวันออก",F52="ภาคตะวันตก",F52="ภาคตะวันออกเฉียงเหนือ") ), IF(Q52<>"","Complete",IF(P52<>"","In progress","")), "-" ) -> Complete | S52: 28/11/2568 | T52: 17/10/2568 | V52: =IF(U52<>"", "Complete", IF(T52<>"", "In progress", "")) -> In progress | Y52: 15/09/2568 | Z52: 244145 | AA52: =IF(Z52<>"", "Complete", IF(Y52<>"", "In progress", "")) -> Complete | AB52: 244206 | AC52: 15/10/2568 | AD52: =IF(AC52<>"", "Complete", IF(AB52<>"", "In progress", "")) -> Complete | AE52: 22/01/2569 | AG52: =IF(AF52<>"", "Complete", IF(AE52<>"", "In progress", "")) -> In progress | AO52: =IF(AL52<>"", "Complete", IF(AK52<>"", "In progress", ""))
A53: 46 | B53: หมู่ 9 เพชรมงคล | C53: ปางตาไว | D53: ปางศิลาทอง | E53: กำแพงเพชร | F53: ภาคเหนือ | G53: ที่ทำการบ้าน ผู้ใหญ่บ้าน | H53: 9 | I53: 139.4 | J53: 16.03021 | K53: 99.37537 | L53: 15/09/2568 | M53: 16/09/2568 | N53: =IF(M53<>"", "Complete", IF(L53<>"", "In progress", "")) -> Complete | O53: Complete | P53: 19/11/2568 | Q53: 19/11/2568 | R53: =IF( AND( OR(H53=9,H53=18,H53=30), OR(F53="ภาคเหนือ",F53="ภาคใต้",F53="ภาคตะวันออก",F53="ภาคตะวันตก",F53="ภาคตะวันออกเฉียงเหนือ") ), IF(Q53<>"","Complete",IF(P53<>"","In progress","")), "-" ) -> Complete | S53: 28/11/2568 | T53: 16/10/2568 | V53: =IF(U53<>"", "Complete", IF(T53<>"", "In progress", "")) -> In progress | Y53: 15/09/2568 | Z53: 244145 | AA53: =IF(Z53<>"", "Complete", IF(Y53<>"", "In progress", "")) -> Complete | AB53: 244206 | AC53: 15/10/2568 | AD53: =IF(AC53<>"", "Complete", IF(AB53<>"", "In progress", "")) -> Complete | AE53: 22/01/2569 | AG53: =IF(AF53<>"", "Complete", IF(AE53<>"", "In progress", "")) -> In progress | AO53: =IF(AL53<>"", "Complete", IF(AK53<>"", "In progress", ""))
A54: 47 | B54: หมู่ 11 คำเจริญ | C54: ดงเมืองแอม | D54: เขาสวนกวาง | E54: ขอนแก่น | F54: ภาคตะวันออกเฉียงเหนือ | G54: ที่ทำการบ้าน ผู้ใหญ่บ้าน | H54: 9 | I54: 198 | J54: 16.904047 | K54: 102.74368 | L54: 15/09/2568 | M54: 16/09/2568 | N54: =IF(M54<>"", "Complete", IF(L54<>"", "In progress", "")) -> Complete | O54: Complete | P54: 19/11/2568 | Q54: 19/11/2568 | R54: =IF( AND( OR(H54=9,H54=18,H54=30), OR(F54="ภาคเหนือ",F54="ภาคใต้",F54="ภาคตะวันออก",F54="ภาคตะวันตก",F54="ภาคตะวันออกเฉียงเหนือ") ), IF(Q54<>"","Complete",IF(P54<>"","In progress","")), "-" ) -> Complete | S54: 28/11/2568 | T54: 16/10/2568 | V54: =IF(U54<>"", "Complete", IF(T54<>"", "In progress", "")) -> In progress | Y54: 15/09/2568 | Z54: 244145 | AA54: =IF(Z54<>"", "Complete", IF(Y54<>"", "In progress", "")) -> Complete | AB54: 244206 | AC54: 15/10/2568 | AD54: =IF(AC54<>"", "Complete", IF(AB54<>"", "In progress", "")) -> Complete | AE54: 22/01/2569 | AG54: =IF(AF54<>"", "Complete", IF(AE54<>"", "In progress", "")) -> In progress | AO54: =IF(AL54<>"", "Complete", IF(AK54<>"", "In progress", ""))
A55: 48 | B55: หมู่ 12 คำแคน | C55: ดงเมืองแอม | D55: เขาสวนกวาง | E55: ขอนแก่น | F55: ภาคตะวันออกเฉียงเหนือ | G55: ที่ทำการบ้านผู้ช่วย ผู้ใหญ่บ้าน | H55: 9 | I55: 176 | J55: 16.904761 | K55: 102.75367 | L55: 15/09/2568 | M55: 16/09/2568 | N55: =IF(M55<>"", "Complete", IF(L55<>"", "In progress", "")) -> Complete | O55: Complete | P55: 19/11/2568 | Q55: 19/11/2568 | R55: =IF( AND( OR(H55=9,H55=18,H55=30), OR(F55="ภาคเหนือ",F55="ภาคใต้",F55="ภาคตะวันออก",F55="ภาคตะวันตก",F55="ภาคตะวันออกเฉียงเหนือ") ), IF(Q55<>"","Complete",IF(P55<>"","In progress","")), "-" ) -> Complete | S55: 28/11/2568 | T55: 16/10/2568 | V55: =IF(U55<>"", "Complete", IF(T55<>"", "In progress", "")) -> In progress | Y55: 15/09/2568 | Z55: 244145 | AA55: =IF(Z55<>"", "Complete", IF(Y55<>"", "In progress", "")) -> Complete | AB55: 244206 | AC55: 15/10/2568 | AD55: =IF(AC55<>"", "Complete", IF(AB55<>"", "In progress", "")) -> Complete | AE55: 22/01/2569 | AG55: =IF(AF55<>"", "Complete", IF(AE55<>"", "In progress", "")) -> In progress | AO55: =IF(AL55<>"", "Complete", IF(AK55<>"", "In progress", ""))
... A63: 56 | B63: หมู่ 3 คำป่าก่อ | C63: โนนสมบูรณ์ | D63: เขาสวนกวาง | E63: ขอนแก่น | F63: ภาคตะวันออกเฉียงเหนือ | G63: ที่ทำการบ้าน ผู้ใหญ่บ้าน | H63: 9 | I63: 228 | J63: 17.017864 | K63: 102.77453 | L63: 15/09/2568 | M63: 17/09/2568 | N63: =IF(M63<>"", "Complete", IF(L63<>"", "In progress", "")) -> Complete | O63: Complete | P63: 19/11/2568 | Q63: 19/11/2568 | R63: =IF( AND( OR(H63=9,H63=18,H63=30), OR(F63="ภาคเหนือ",F63="ภาคใต้",F63="ภาคตะวันออก",F63="ภาคตะวันตก",F63="ภาคตะวันออกเฉียงเหนือ") ), IF(Q63<>"","Complete",IF(P63<>"","In progress","")), "-" ) -> Complete | S63: 28/11/2568 | T63: 17/10/2568 | V63: =IF(U63<>"", "Complete", IF(T63<>"", "In progress", "")) -> In progress | Y63: 15/09/2568 | Z63: 244145 | AA63: =IF(Z63<>"", "Complete", IF(Y63<>"", "In progress", "")) -> Complete | AB63: 244206 | AC63: 15/10/2568 | AD63: =IF(AC63<>"", "Complete", IF(AB63<>"", "In progress", "")) -> Complete | AE63: 22/01/2569 | AG63: =IF(AF63<>"", "Complete", IF(AE63<>"", "In progress", "")) -> In progress | AO63: =IF(AL63<>"", "Complete", IF(AK63<>"", "In progress", ""))
A64: 57 | B64: หมู่ 4 โนนเจริญ | C64: โนนสมบูรณ์ | D64: เขาสวนกวาง | E64: ขอนแก่น | F64: ภาคตะวันออกเฉียงเหนือ | G64: ที่ทำการบ้าน ผู้ใหญ่บ้าน | H64: 18 | I64: 228 | J64: 17.010202 | K64: 102.76179 | L64: 15/09/2568 | M64: 17/09/2568 | N64: =IF(M64<>"", "Complete", IF(L64<>"", "In progress", "")) -> Complete | O64: Complete | P64: 23/11/2568 | Q64: 23/11/2568 | R64: =IF( AND( OR(H64=9,H64=18,H64=30), OR(F64="ภาคเหนือ",F64="ภาคใต้",F64="ภาคตะวันออก",F64="ภาคตะวันตก",F64="ภาคตะวันออกเฉียงเหนือ") ), IF(Q64<>"","Complete",IF(P64<>"","In progress","")), "-" ) -> Complete | S64: 28/11/2568 | T64: 17/10/2568 | V64: =IF(U64<>"", "Complete", IF(T64<>"", "In progress", "")) -> In progress | Y64: 15/10/2568 | Z64: 21/10/2568 | AA64: =IF(Z64<>"", "Complete", IF(Y64<>"", "In progress", "")) -> Complete | AB64: 14/11/2568 | AC64: 26/11/2568 | AD64: =IF(AC64<>"", "Complete", IF(AB64<>"", "In progress", "")) -> Complete | AE64: 244470 | AF64: 244470 | AG64: =IF(AF64<>"", "Complete", IF(AE64<>"", "In progress", "")) -> Complete | AI64: 20/1/2569 | AJ64: 27/1/2569 | AO64: =IF(AL64<>"", "Complete", IF(AK64<>"", "In progress", ""))
A65: 58 | B65: หมู่ 5 หัวฝาย | C65: โนนสมบูรณ์ | D65: เขาสวนกวาง | E65: ขอนแก่น | F65: ภาคตะวันออกเฉียงเหนือ | G65: ที่ทำการบ้าน ผู้ใหญ่บ้าน | H65: 9 | I65: 199 | J65: 16.990219 | K65: 102.73868 | L65: 15/09/2568 | M65: 17/09/2568 | N65: =IF(M65<>"", "Complete", IF(L65<>"", "In progress", "")) -> Complete | O65: Complete | P65: 19/11/2568 | Q65: 19/11/2568 | R65: =IF( AND( OR(H65=9,H65=18,H65=30), OR(F65="ภาคเหนือ",F65="ภาคใต้",F65="ภาคตะวันออก",F65="ภาคตะวันตก",F65="ภาคตะวันออกเฉียงเหนือ") ), IF(Q65<>"","Complete",IF(P65<>"","In progress","")), "-" ) -> Complete | S65: 28/11/2568 | T65: 17/10/2568 | V65: =IF(U65<>"", "Complete", IF(T65<>"", "In progress", "")) -> In progress | Y65: 15/09/2568 | Z65: 244145 | AA65: =IF(Z65<>"", "Complete", IF(Y65<>"", "In progress", "")) -> Complete | AB65: 244206 | AC65: 15/10/2568 | AD65: =IF(AC65<>"", "Complete", IF(AB65<>"", "In progress", "")) -> Complete | AE65: 22/01/2569 | AG65: =IF(AF65<>"", "Complete", IF(AE65<>"", "In progress", "")) -> In progress | AO65: =IF(AL65<>"", "Complete", IF(AK65<>"", "In progress", ""))
